"Keyword","Cluster","Intent","Fit_B2B","Priority","Recommended_Page","Avg_Monthly_Searches","Competition","Competition_Indexed","Top_Bid_Low_CLP","Top_Bid_High_CLP"
"reparacion de techos","Core_Reparacion_Techos","Transaccional","Media","P1","/","500","Medio","63","274","966"
"cambio de techos","Instalacion_Cambio_Cubierta","Transaccional","Media","P2","/cambio-cubiertas-techos","500","Medio","62","235","738"
"limpieza de canaletas","Canaletas_Drenaje","Transaccional","Media","P2","/limpieza-reparacion-canaletas","500","Medio","49","226","610"
"impermeabilizacion techos","Impermeabilizacion_Sellado","Transaccional","Media","P1","/impermeabilizacion-techos","500","Alto","100","83","773"
"impermeabilizacion de techos","Impermeabilizacion_Sellado","Transaccional","Media","P1","/impermeabilizacion-techos","500","Alto","100","341","1214"
"goteras en el techo","Goteras_Filtraciones_Humedad","Transaccional","Media","P1","/reparacion-goteras-filtraciones","500","Alto","81","341","1493"
"arreglo de techos","Core_Reparacion_Techos","Transaccional","Media","P1","/","500","Alto","67","301","1073"
"reparacion techos","Core_Reparacion_Techos","Transaccional","Media","P1","/","500","Alto","75","297","1046"
"tapa goteras techo","Goteras_Filtraciones_Humedad","Transaccional","Media","P1","/reparacion-goteras-filtraciones","500","Alto","100","9","237"
"reparacion de techumbres","Core_Reparacion_Techos","Transaccional","Media","P1","/","500","Medio","52","250","832"
"reparar techos","Core_Reparacion_Techos","Transaccional","Media","P1","/","500","Alto","75","297","1046"
"instalacion teja asfaltica","Instalacion_Cambio_Cubierta","Transaccional","Media","P2","/cambio-cubiertas-techos","500","Bajo","29","130","550"
"impermeabilizacion techo","Impermeabilizacion_Sellado","Transaccional","Media","P1","/impermeabilizacion-techos","500","Alto","100","83","773"
"desague canaleta","Canaletas_Drenaje","Transaccional","Media","P2","/limpieza-reparacion-canaletas","500","Alto","99","41","313"
"goteras en techos","Goteras_Filtraciones_Humedad","Transaccional","Media","P1","/reparacion-goteras-filtraciones","500","Alto","81","341","1493"
"impermeabilización techos","Impermeabilizacion_Sellado","Transaccional","Media","P1","/impermeabilizacion-techos","500","Alto","100","83","773"
"instalar teja asfaltica","Instalacion_Cambio_Cubierta","Transaccional","Media","P2","/cambio-cubiertas-techos","500","Bajo","29","130","550"
"tapa gotera para techo","Goteras_Filtraciones_Humedad","Transaccional","Media","P1","/reparacion-goteras-filtraciones","500","Alto","94","7","389"
"instalacion de techos","Instalacion_Cambio_Cubierta","Transaccional","Media","P2","/cambio-cubiertas-techos","50","Medio","35","211","768"
"limpieza de techos","Limpieza_Mantencion","Transaccional","Media","P2","/mantencion-techos-empresas","50","Medio","49","181","428"
"mantencion de techos","Limpieza_Mantencion","Transaccional","Media","P2","/mantencion-techos-empresas","50","Alto","82","278","942"
"reparadores de techos","Otros","Transaccional","Baja","P3","/servicios-techos","50","Medio","54","271","910"
"reparar goteras","Goteras_Filtraciones_Humedad","Transaccional","Media","P1","/reparacion-goteras-filtraciones","50","Medio","43","0","0"
"impermeabilizar tejado","Impermeabilizacion_Sellado","Transaccional","Media","P1","/impermeabilizacion-techos","50","Desconocido","0","0","0"
"arreglo de humedades","Goteras_Filtraciones_Humedad","Transaccional","Media","P1","/reparacion-goteras-filtraciones","50","Alto","86","0","0"
"reparar humedades por filtración","Goteras_Filtraciones_Humedad","Transaccional","Media","P1","/reparacion-goteras-filtraciones","50","Desconocido","0","0","0"
"reparacion de techos cerca de mi","Core_Reparacion_Techos","Transaccional","Media","P1","/","50","Medio","52","0","0"
"reparacion de tejados","Core_Reparacion_Techos","Transaccional","Media","P1","/","50","Medio","62","0","0"
"reparacion de filtraciones de agua","Goteras_Filtraciones_Humedad","Transaccional","Media","P1","/reparacion-goteras-filtraciones","50","Alto","88","889","4062"
"reparacion tejados","Core_Reparacion_Techos","Transaccional","Media","P1","/","50","Alto","100","0","0"
"reparacion filtraciones agua","Goteras_Filtraciones_Humedad","Transaccional","Media","P1","/reparacion-goteras-filtraciones","50","Alto","89","787","2225"
"reparacion de techos de casas","Core_Reparacion_Techos","Transaccional","Media","P1","/","50","Alto","81","257","992"
"soluciones para filtraciones de agua en techos","Goteras_Filtraciones_Humedad","Informacional","Media","P1","/reparacion-goteras-filtraciones","50","Desconocido","0","0","0"
"instaladores de ventiladores de techo","No_Relevante","Transaccional","Baja","P3","/","50","Desconocido","0","0","0"
"reparacion de goteras","Goteras_Filtraciones_Humedad","Transaccional","Media","P1","/reparacion-goteras-filtraciones","50","Alto","100","278","1597"
"arreglar goteras tejado","Goteras_Filtraciones_Humedad","Transaccional","Media","P1","/reparacion-goteras-filtraciones","50","Desconocido","0","0","0"
"arreglo de goteras en techos","Goteras_Filtraciones_Humedad","Transaccional","Media","P1","/reparacion-goteras-filtraciones","50","Alto","68","327","2045"
"como arreglar una pared con humedad por filtración","Goteras_Filtraciones_Humedad","Informacional","Media","P1","/reparacion-goteras-filtraciones","50","Alto","86","0","0"
"arreglo techos","Core_Reparacion_Techos","Transaccional","Media","P1","/","50","Alto","75","370","1862"
"reparar filtraciones de agua","Goteras_Filtraciones_Humedad","Transaccional","Media","P1","/reparacion-goteras-filtraciones","50","Alto","100","0","0"
"reparacion de goteras en el techo","Goteras_Filtraciones_Humedad","Transaccional","Media","P1","/reparacion-goteras-filtraciones","50","Alto","100","224","1124"
"reparación de techos precios","Precios_Cotizacion","Comercial","Media","P2","/cotizacion-reparacion-techos","50","Alto","68","228","836"
"arreglar goteras tejado precio","Precios_Cotizacion","Comercial","Media","P2","/cotizacion-reparacion-techos","50","Desconocido","0","0","0"
"arreglo de tejados","Core_Reparacion_Techos","Transaccional","Media","P1","/","50","Desconocido","0","0","0"
"empresa reparacion humedades","B2B_Industrial","Transaccional","Alta","P1","/reparacion-techos-industriales","50","Desconocido","0","0","0"
"reparar goteras tejado","Goteras_Filtraciones_Humedad","Transaccional","Media","P1","/reparacion-goteras-filtraciones","50","Desconocido","0","0","0"
"arreglar filtraciones de agua","Goteras_Filtraciones_Humedad","Transaccional","Media","P1","/reparacion-goteras-filtraciones","50","Desconocido","0","0","0"
"reparacion goteras","Goteras_Filtraciones_Humedad","Transaccional","Media","P1","/reparacion-goteras-filtraciones","50","Alto","79","767","1682"
"limpieza de techos y canaletas","Canaletas_Drenaje","Transaccional","Media","P2","/limpieza-reparacion-canaletas","50","Medio","48","208","639"
"reparacion de humedades por filtracion","Goteras_Filtraciones_Humedad","Transaccional","Media","P1","/reparacion-goteras-filtraciones","50","Desconocido","0","0","0"
"arreglo tejados","Core_Reparacion_Techos","Transaccional","Media","P1","/","50","Alto","100","0","0"
"goteras tejado","Goteras_Filtraciones_Humedad","Transaccional","Media","P1","/reparacion-goteras-filtraciones","50","Desconocido","0","0","0"
"utensilios para limpiar paredes y techos","Limpieza_Mantencion","Informacional","Media","P2","/mantencion-techos-empresas","50","Desconocido","0","0","0"
"reparacion cubiertas naves industriales","B2B_Industrial","Transaccional","Alta","P1","/reparacion-techos-industriales","50","Desconocido","0","0","0"
"reparacion filtraciones","Goteras_Filtraciones_Humedad","Transaccional","Media","P1","/reparacion-goteras-filtraciones","50","Alto","84","796","2023"
"limpieza de canaletas de aguas lluvias","Canaletas_Drenaje","Transaccional","Media","P2","/limpieza-reparacion-canaletas","50","Bajo","25","229","383"
"impermeabilizar tejado de tejas","Impermeabilizacion_Sellado","Transaccional","Media","P1","/impermeabilizacion-techos","50","Desconocido","0","0","0"
"arreglo de goteras","Goteras_Filtraciones_Humedad","Transaccional","Media","P1","/reparacion-goteras-filtraciones","50","Alto","100","0","0"
"reparacion de terrazas filtraciones","Goteras_Filtraciones_Humedad","Transaccional","Media","P1","/reparacion-goteras-filtraciones","50","Desconocido","0","0","0"
"impermeabilización de techos precio","Precios_Cotizacion","Comercial","Media","P2","/cotizacion-reparacion-techos","50","Alto","94","46","961"
"instaladores de techos de aluminio","Otros","Transaccional","Baja","P3","/servicios-techos","50","Desconocido","0","0","0"
"servicio de impermeabilización de techos","Impermeabilizacion_Sellado","Transaccional","Media","P1","/impermeabilizacion-techos","50","Bajo","0","0","0"
"limpieza de techos industriales","B2B_Industrial","Transaccional","Alta","P1","/reparacion-techos-industriales","50","Bajo","0","0","0"
"arreglar goteras","Goteras_Filtraciones_Humedad","Transaccional","Media","P1","/reparacion-goteras-filtraciones","50","Alto","100","271","611"
"limpieza de canaletas precios","Precios_Cotizacion","Comercial","Media","P2","/cotizacion-reparacion-techos","50","Medio","43","154","612"
"expertos en goteras","Goteras_Filtraciones_Humedad","Transaccional","Media","P1","/reparacion-goteras-filtraciones","50","Desconocido","0","0","0"
"reparaciones de techo","Otros","Transaccional","Baja","P3","/servicios-techos","50","Alto","82","437","1000"
"reparar terraza filtraciones agua","Goteras_Filtraciones_Humedad","Transaccional","Media","P1","/reparacion-goteras-filtraciones","50","Desconocido","0","0","0"
"especialistas en goteras","Goteras_Filtraciones_Humedad","Transaccional","Media","P1","/reparacion-goteras-filtraciones","50","Alto","100","0","0"
"reparacion de cubiertas de naves industriales","B2B_Industrial","Transaccional","Alta","P1","/reparacion-techos-industriales","50","Desconocido","0","0","0"
"instalador ventilador techo","No_Relevante","Transaccional","Baja","P3","/","50","Bajo","31","0","0"
"instalación de techos de policarbonato","Material_Tipo_Cubierta","Transaccional","Media","P3","/reparacion-por-tipo-de-cubierta","50","Alto","68","154","497"
"reparaciones de goteras y humedades","Goteras_Filtraciones_Humedad","Transaccional","Media","P1","/reparacion-goteras-filtraciones","50","Desconocido","0","0","0"
"lavado de techos a presión","Otros","Transaccional","Baja","P3","/servicios-techos","50","Desconocido","0","0","0"
"reparación de goteras en tejados","Goteras_Filtraciones_Humedad","Transaccional","Media","P1","/reparacion-goteras-filtraciones","50","Desconocido","0","0","0"
"instalacion de policarbonato","Instalacion_Cambio_Cubierta","Transaccional","Media","P2","/cambio-cubiertas-techos","50","Alto","70","148","747"
"instaladores de techos","Otros","Transaccional","Baja","P3","/servicios-techos","50","Bajo","21","0","0"
"reparar filtraciones de agua paredes","Goteras_Filtraciones_Humedad","Transaccional","Media","P1","/reparacion-goteras-filtraciones","50","Alto","95","915","2943"
"limpieza canaletas","Canaletas_Drenaje","Transaccional","Media","P2","/limpieza-reparacion-canaletas","50","Medio","49","256","608"
"instaladores de techos de policarbonato","Material_Tipo_Cubierta","Transaccional","Media","P3","/reparacion-por-tipo-de-cubierta","50","Alto","98","258","1068"
"reparacion de techos de naves industriales","B2B_Industrial","Transaccional","Alta","P1","/reparacion-techos-industriales","50","Alto","86","0","0"
"impermeabilizar y aislar tejado","Impermeabilizacion_Sellado","Transaccional","Media","P1","/impermeabilizacion-techos","50","Desconocido","0","0","0"
"reparacion de filtraciones","Goteras_Filtraciones_Humedad","Transaccional","Media","P1","/reparacion-goteras-filtraciones","50","Medio","46","787","2787"
"cambio de techumbre","Instalacion_Cambio_Cubierta","Transaccional","Media","P2","/cambio-cubiertas-techos","50","Medio","62","259","580"
"reparación de techos de casas","Otros","Transaccional","Baja","P3","/servicios-techos","50","Alto","81","257","992"
"instalacion de porcelanato","No_Relevante","Transaccional","Baja","P3","/","50","Alto","82","241","787"
"empresas de impermeabilización de techos","B2B_Industrial","Transaccional","Alta","P1","/reparacion-techos-industriales","50","Alto","100","0","0"
"reparacion techumbre","Core_Reparacion_Techos","Transaccional","Media","P1","/","50","Medio","64","371","1686"
"eliminar filtraciones de agua","Goteras_Filtraciones_Humedad","Transaccional","Media","P1","/reparacion-goteras-filtraciones","50","Desconocido","0","0","0"
"reparación filtraciones techos","Goteras_Filtraciones_Humedad","Transaccional","Media","P1","/reparacion-goteras-filtraciones","50","Alto","91","246","1500"
"impermeabilizar cubierta","Impermeabilizacion_Sellado","Transaccional","Media","P1","/impermeabilizacion-techos","50","Alto","86","0","0"
"instalacion de membrana asfaltica","Impermeabilizacion_Sellado","Transaccional","Media","P1","/impermeabilizacion-techos","50","Medio","64","262","1471"
"filtraciones terrazas reparación","Goteras_Filtraciones_Humedad","Transaccional","Media","P1","/reparacion-goteras-filtraciones","50","Desconocido","0","0","0"
"reparacion techos de tejas","Core_Reparacion_Techos","Transaccional","Media","P1","/","50","Medio","64","199","596"
"instalacion membrana asfaltica","Impermeabilizacion_Sellado","Transaccional","Media","P1","/impermeabilizacion-techos","50","Medio","61","264","1200"
"reparacion de techos industriales","B2B_Industrial","Transaccional","Alta","P1","/reparacion-techos-industriales","50","Alto","100","0","0"
"arreglo goteras","Goteras_Filtraciones_Humedad","Transaccional","Media","P1","/reparacion-goteras-filtraciones","50","Desconocido","0","0","0"
"instalacion techo policarbonato","Instalacion_Cambio_Cubierta","Transaccional","Media","P2","/cambio-cubiertas-techos","50","Medio","55","180","461"
"limpieza de techos precio","Precios_Cotizacion","Comercial","Media","P2","/cotizacion-reparacion-techos","50","Desconocido","0","0","0"
"como reparar una pared con humedad por filtración","Goteras_Filtraciones_Humedad","Informacional","Media","P1","/reparacion-goteras-filtraciones","50","Alto","100","0","0"
"reparar filtraciones tejado","Goteras_Filtraciones_Humedad","Transaccional","Media","P1","/reparacion-goteras-filtraciones","50","Desconocido","0","0","0"
"como reparar filtraciones en techo de concreto","Goteras_Filtraciones_Humedad","Informacional","Media","P1","/reparacion-goteras-filtraciones","50","Alto","100","299","1153"
"tapar goteras","Goteras_Filtraciones_Humedad","Transaccional","Media","P1","/reparacion-goteras-filtraciones","50","Alto","100","7","250"
"reparación de filtraciones en techos","Goteras_Filtraciones_Humedad","Transaccional","Media","P1","/reparacion-goteras-filtraciones","50","Alto","100","0","0"
"arreglo de techumbres","Core_Reparacion_Techos","Transaccional","Media","P1","/","50","Alto","76","265","1080"
"reparar filtracion de agua en pared","Goteras_Filtraciones_Humedad","Transaccional","Media","P1","/reparacion-goteras-filtraciones","50","Alto","100","0","0"
"goteras en el techo de concreto","Goteras_Filtraciones_Humedad","Transaccional","Media","P1","/reparacion-goteras-filtraciones","50","Desconocido","0","0","0"
"limpieza de paredes y techos","Limpieza_Mantencion","Transaccional","Media","P2","/mantencion-techos-empresas","50","Bajo","0","0","0"
"mantencion de techumbres","Limpieza_Mantencion","Transaccional","Media","P2","/mantencion-techos-empresas","50","Medio","66","275","634"
"reparacion de filtraciones en paredes","Goteras_Filtraciones_Humedad","Transaccional","Media","P1","/reparacion-goteras-filtraciones","50","Desconocido","0","0","0"
"instalacion policarbonato","Instalacion_Cambio_Cubierta","Transaccional","Media","P2","/cambio-cubiertas-techos","50","Medio","34","111","962"
"como reparar filtraciones de agua en terrazas","Goteras_Filtraciones_Humedad","Informacional","Media","P1","/reparacion-goteras-filtraciones","50","Desconocido","0","0","0"
"precio de reparacion de techos","Precios_Cotizacion","Comercial","Media","P2","/cotizacion-reparacion-techos","50","Desconocido","0","0","0"
"impermeabilizante para tejas","Impermeabilizacion_Sellado","Transaccional","Media","P1","/impermeabilizacion-techos","50","Alto","98","116","305"
"arreglo techos de tejas","Core_Reparacion_Techos","Transaccional","Media","P1","/","50","Alto","74","237","952"
"como sellar goteras en techo de lámina","Goteras_Filtraciones_Humedad","Informacional","Media","P1","/reparacion-goteras-filtraciones","50","Desconocido","0","0","0"
"arreglar techo casa","Core_Reparacion_Techos","Transaccional","Media","P1","/","50","Medio","58","261","979"
"tapar filtraciones de agua","Goteras_Filtraciones_Humedad","Transaccional","Media","P1","/reparacion-goteras-filtraciones","50","Alto","100","217","1718"
"tapar goteras techo","Goteras_Filtraciones_Humedad","Transaccional","Media","P1","/reparacion-goteras-filtraciones","50","Alto","100","0","0"
"reparacion terrazas goteras","Goteras_Filtraciones_Humedad","Transaccional","Media","P1","/reparacion-goteras-filtraciones","50","Alto","86","0","0"
"arreglar tejado con goteras","Goteras_Filtraciones_Humedad","Transaccional","Media","P1","/reparacion-goteras-filtraciones","50","Alto","93","0","0"
"como arreglar filtraciones de agua en la pared","Goteras_Filtraciones_Humedad","Informacional","Media","P1","/reparacion-goteras-filtraciones","50","Desconocido","0","0","0"
"techos de drywall","Otros","Transaccional","Baja","P3","/servicios-techos","50","Bajo","0","0","0"
"cambio de techo de asbesto","Instalacion_Cambio_Cubierta","Transaccional","Media","P2","/cambio-cubiertas-techos","50","Medio","61","256","999"
"reparacion de techos y canaletas","Canaletas_Drenaje","Transaccional","Media","P2","/limpieza-reparacion-canaletas","50","Alto","76","275","1415"
"arreglar goteras techo","Goteras_Filtraciones_Humedad","Transaccional","Media","P1","/reparacion-goteras-filtraciones","50","Alto","100","0","0"
"reparación de techos de chapa","Material_Tipo_Cubierta","Transaccional","Media","P3","/reparacion-por-tipo-de-cubierta","50","Desconocido","0","0","0"
"impermeabilizar tejas","Impermeabilizacion_Sellado","Transaccional","Media","P1","/impermeabilizacion-techos","50","Alto","100","219","1115"
"reparacion de tejas rotas","Material_Tipo_Cubierta","Transaccional","Media","P3","/reparacion-por-tipo-de-cubierta","50","Alto","100","0","0"
"servicio de limpieza de canaletas","Canaletas_Drenaje","Transaccional","Media","P2","/limpieza-reparacion-canaletas","50","Medio","63","217","636"
"reparacion de filtraciones en losas de concreto","Goteras_Filtraciones_Humedad","Transaccional","Media","P1","/reparacion-goteras-filtraciones","50","Desconocido","0","0","0"
"limpieza de entretechos","Limpieza_Mantencion","Transaccional","Media","P2","/mantencion-techos-empresas","50","Bajo","26","267","1668"
"reparacion de techos de policarbonato","Core_Reparacion_Techos","Transaccional","Media","P1","/","50","Alto","70","137","520"
"como reparar filtraciones de agua en paredes","Goteras_Filtraciones_Humedad","Informacional","Media","P1","/reparacion-goteras-filtraciones","50","Alto","100","250","1718"
"reparaciones techos","Otros","Transaccional","Baja","P3","/servicios-techos","50","Alto","92","266","944"
"como arreglar filtraciones de agua en el techo","Goteras_Filtraciones_Humedad","Informacional","Media","P1","/reparacion-goteras-filtraciones","50","Alto","100","0","0"
"instalacion techo sandwich","Instalacion_Cambio_Cubierta","Transaccional","Media","P2","/cambio-cubiertas-techos","50","Desconocido","0","0","0"
"impermeabilización de techos con poliuretano","Impermeabilizacion_Sellado","Transaccional","Media","P1","/impermeabilizacion-techos","50","Alto","86","0","0"
"arreglar filtraciones pared","Goteras_Filtraciones_Humedad","Transaccional","Media","P1","/reparacion-goteras-filtraciones","50","Desconocido","0","0","0"
"arreglar filtraciones","Goteras_Filtraciones_Humedad","Transaccional","Media","P1","/reparacion-goteras-filtraciones","50","Desconocido","0","0","0"
"tapar goteras techo zinc","Goteras_Filtraciones_Humedad","Transaccional","Media","P1","/reparacion-goteras-filtraciones","50","Alto","100","0","0"
"reparar goteras desde el interior","Goteras_Filtraciones_Humedad","Transaccional","Media","P1","/reparacion-goteras-filtraciones","50","Desconocido","0","0","0"
"lavado de techos","Otros","Transaccional","Baja","P3","/servicios-techos","50","Bajo","0","0","0"
"instalación de domos de policarbonato","Material_Tipo_Cubierta","Transaccional","Media","P3","/reparacion-por-tipo-de-cubierta","50","Desconocido","0","0","0"
"servicio de limpieza de techos","Limpieza_Mantencion","Transaccional","Media","P2","/mantencion-techos-empresas","50","Desconocido","0","0","0"
"instalacion de laminas para techo","Instalacion_Cambio_Cubierta","Transaccional","Media","P2","/cambio-cubiertas-techos","50","Desconocido","0","0","0"
"impermeabilizante teja asfaltica","Impermeabilizacion_Sellado","Transaccional","Media","P1","/impermeabilizacion-techos","50","Alto","100","34","311"
"para tapar goteras","Goteras_Filtraciones_Humedad","Transaccional","Media","P1","/reparacion-goteras-filtraciones","50","Alto","100","0","0"
"limpieza de techumbres","Limpieza_Mantencion","Transaccional","Media","P2","/mantencion-techos-empresas","50","Bajo","29","0","0"
"limpieza de canaletas en altura","Canaletas_Drenaje","Transaccional","Media","P2","/limpieza-reparacion-canaletas","50","Bajo","28","279","769"
"precio arreglar goteras tejado","Precios_Cotizacion","Comercial","Media","P2","/cotizacion-reparacion-techos","50","Desconocido","0","0","0"
"cambio de techos precios","Precios_Cotizacion","Comercial","Media","P2","/cotizacion-reparacion-techos","50","Alto","71","0","0"
"tapar goteras en lamina","Goteras_Filtraciones_Humedad","Transaccional","Media","P1","/reparacion-goteras-filtraciones","50","Desconocido","0","0","0"
"instalacion policarbonato alveolar","Instalacion_Cambio_Cubierta","Transaccional","Media","P2","/cambio-cubiertas-techos","50","Medio","51","28","488"
"reparar techos con filtraciones","Goteras_Filtraciones_Humedad","Transaccional","Media","P1","/reparacion-goteras-filtraciones","50","Alto","100","0","0"
"reparar tejas rotas","Material_Tipo_Cubierta","Transaccional","Media","P3","/reparacion-por-tipo-de-cubierta","50","Desconocido","0","0","0"
"grietas en paredes y techos","Otros","Transaccional","Baja","P3","/servicios-techos","50","Desconocido","0","0","0"
"arreglar el techo de mi casa","Core_Reparacion_Techos","Transaccional","Media","P1","/","50","Alto","79","236","1123"
"arreglar filtraciones techos","Goteras_Filtraciones_Humedad","Transaccional","Media","P1","/reparacion-goteras-filtraciones","50","Alto","100","0","0"
"arreglar gotera desde abajo","Goteras_Filtraciones_Humedad","Transaccional","Media","P1","/reparacion-goteras-filtraciones","50","Desconocido","0","0","0"
"arreglar techo baño","Core_Reparacion_Techos","Transaccional","Media","P1","/","50","Bajo","0","0","0"
"arreglar techo con goteras","Goteras_Filtraciones_Humedad","Transaccional","Media","P1","/reparacion-goteras-filtraciones","50","Desconocido","0","0","0"
"arreglar techo de chapa","Core_Reparacion_Techos","Transaccional","Media","P1","/","50","Desconocido","0","0","0"
"arreglar techo escayola","No_Relevante","Transaccional","Baja","P3","/","50","Desconocido","0","0","0"
"arreglar tejas","Material_Tipo_Cubierta","Transaccional","Media","P3","/reparacion-por-tipo-de-cubierta","50","Alto","86","0","0"
"arreglar tejas rotas","Material_Tipo_Cubierta","Transaccional","Media","P3","/reparacion-por-tipo-de-cubierta","50","Alto","100","0","0"
"arreglar una gotera del techo","Goteras_Filtraciones_Humedad","Transaccional","Media","P1","/reparacion-goteras-filtraciones","50","Desconocido","0","0","0"
"arreglo de filtraciones","Goteras_Filtraciones_Humedad","Transaccional","Media","P1","/reparacion-goteras-filtraciones","50","Alto","100","0","0"
"arreglo techumbre","Core_Reparacion_Techos","Transaccional","Media","P1","/","50","Alto","75","441","1594"
"arreglo techumbres","Core_Reparacion_Techos","Transaccional","Media","P1","/","50","Alto","75","441","1594"
"cambiar chapas de techo","Instalacion_Cambio_Cubierta","Transaccional","Media","P2","/cambio-cubiertas-techos","50","Alto","71","0","0"
"cambiar el techo","Instalacion_Cambio_Cubierta","Transaccional","Media","P2","/cambio-cubiertas-techos","50","Medio","58","233","485"
"cambiar falso techo","No_Relevante","Transaccional","Baja","P3","/","50","Desconocido","0","0","0"
"cambiar membrana techo","Impermeabilizacion_Sellado","Transaccional","Media","P1","/impermeabilizacion-techos","50","Desconocido","0","0","0"
"cambiar techo","Instalacion_Cambio_Cubierta","Transaccional","Media","P2","/cambio-cubiertas-techos","50","Medio","58","233","485"
"cambiar techo de chapa","Instalacion_Cambio_Cubierta","Transaccional","Media","P2","/cambio-cubiertas-techos","50","Desconocido","0","0","0"
"cambiar techo de chapa por losa","Instalacion_Cambio_Cubierta","Transaccional","Media","P2","/cambio-cubiertas-techos","50","Bajo","0","0","0"
"cambiar techo de teja por chapa","Instalacion_Cambio_Cubierta","Transaccional","Media","P2","/cambio-cubiertas-techos","50","Alto","100","0","0"
"cambiar techumbre","Instalacion_Cambio_Cubierta","Transaccional","Media","P2","/cambio-cubiertas-techos","50","Medio","61","187","908"
"cambiar tejas por chapas","Instalacion_Cambio_Cubierta","Transaccional","Media","P2","/cambio-cubiertas-techos","50","Desconocido","0","0","0"
"cambiar tejas rotas","Instalacion_Cambio_Cubierta","Transaccional","Media","P2","/cambio-cubiertas-techos","50","Medio","57","0","0"
"cambio de cubierta de techo","Instalacion_Cambio_Cubierta","Transaccional","Media","P2","/cambio-cubiertas-techos","50","Bajo","24","0","0"
"cambio techo de asbesto","Instalacion_Cambio_Cubierta","Transaccional","Media","P2","/cambio-cubiertas-techos","50","Medio","54","358","836"
"canaleta acesco","Canaletas_Drenaje","Transaccional","Media","P2","/limpieza-reparacion-canaletas","50","Desconocido","0","0","0"
"colocacion de techos","Instalacion_Cambio_Cubierta","Transaccional","Media","P2","/cambio-cubiertas-techos","50","Bajo","0","0","0"
"colocación de policarbonato","Material_Tipo_Cubierta","Transaccional","Media","P3","/reparacion-por-tipo-de-cubierta","50","Bajo","11","0","0"
"colocación de techos de policarbonato","Material_Tipo_Cubierta","Transaccional","Media","P3","/reparacion-por-tipo-de-cubierta","50","Desconocido","0","0","0"
"como arreglar filtracion de agua lluvia en la pared","Goteras_Filtraciones_Humedad","Informacional","Media","P1","/reparacion-goteras-filtraciones","50","Alto","79","0","0"
"como arreglar goteras en techo de concreto","Goteras_Filtraciones_Humedad","Informacional","Media","P1","/reparacion-goteras-filtraciones","50","Desconocido","0","0","0"
"como arreglar techo con goteras","Goteras_Filtraciones_Humedad","Informacional","Media","P1","/reparacion-goteras-filtraciones","50","Alto","100","176","1225"
"como arreglar terraza con filtraciones","Goteras_Filtraciones_Humedad","Informacional","Media","P1","/reparacion-goteras-filtraciones","50","Desconocido","0","0","0"
"como arreglar una filtracion de agua en el techo","Goteras_Filtraciones_Humedad","Informacional","Media","P1","/reparacion-goteras-filtraciones","50","Alto","86","0","0"
"como arreglar una filtracion de agua en la pared","Goteras_Filtraciones_Humedad","Informacional","Media","P1","/reparacion-goteras-filtraciones","50","Alto","100","0","0"
"como arreglar una pared con humedad por filtracion","Goteras_Filtraciones_Humedad","Informacional","Media","P1","/reparacion-goteras-filtraciones","50","Alto","86","0","0"
"como corregir filtraciones en paredes","Goteras_Filtraciones_Humedad","Informacional","Media","P1","/reparacion-goteras-filtraciones","50","Desconocido","0","0","0"
"como eliminar filtraciones de agua en techo","Goteras_Filtraciones_Humedad","Informacional","Media","P1","/reparacion-goteras-filtraciones","50","Desconocido","0","0","0"
"como eliminar goteras en techo de chapa","Goteras_Filtraciones_Humedad","Informacional","Media","P1","/reparacion-goteras-filtraciones","50","Desconocido","0","0","0"
"como eliminar goteras en techo de concreto","Goteras_Filtraciones_Humedad","Informacional","Media","P1","/reparacion-goteras-filtraciones","50","Desconocido","0","0","0"
"como reparar filtraciones de agua en el techo","Goteras_Filtraciones_Humedad","Informacional","Media","P1","/reparacion-goteras-filtraciones","50","Desconocido","0","0","0"
"como reparar goteras del techo de concreto","Goteras_Filtraciones_Humedad","Informacional","Media","P1","/reparacion-goteras-filtraciones","50","Desconocido","0","0","0"
"como reparar goteras en el techo de concreto","Goteras_Filtraciones_Humedad","Informacional","Media","P1","/reparacion-goteras-filtraciones","50","Desconocido","0","0","0"
"como reparar goteras en techo de chapa","Goteras_Filtraciones_Humedad","Informacional","Media","P1","/reparacion-goteras-filtraciones","50","Desconocido","0","0","0"
"como reparar las filtraciones de agua en el techo","Goteras_Filtraciones_Humedad","Informacional","Media","P1","/reparacion-goteras-filtraciones","50","Desconocido","0","0","0"
"como reparar paredes con filtraciones de agua","Goteras_Filtraciones_Humedad","Informacional","Media","P1","/reparacion-goteras-filtraciones","50","Desconocido","0","0","0"
"como reparar techos con filtraciones","Goteras_Filtraciones_Humedad","Informacional","Media","P1","/reparacion-goteras-filtraciones","50","Desconocido","0","0","0"
"como reparar un techo con filtraciones de agua","Goteras_Filtraciones_Humedad","Informacional","Media","P1","/reparacion-goteras-filtraciones","50","Desconocido","0","0","0"
"como reparar una filtracion en la pared","Goteras_Filtraciones_Humedad","Informacional","Media","P1","/reparacion-goteras-filtraciones","50","Alto","100","0","0"
"como reparar una gotera en el techo de cemento","Goteras_Filtraciones_Humedad","Informacional","Media","P1","/reparacion-goteras-filtraciones","50","Desconocido","0","0","0"
"como reparar una pared con filtracion de agua","Goteras_Filtraciones_Humedad","Informacional","Media","P1","/reparacion-goteras-filtraciones","50","Desconocido","0","0","0"
"como sellar goteras en el techo","Goteras_Filtraciones_Humedad","Informacional","Media","P1","/reparacion-goteras-filtraciones","50","Desconocido","0","0","0"
"como sellar goteras en techo de concreto","Goteras_Filtraciones_Humedad","Informacional","Media","P1","/reparacion-goteras-filtraciones","50","Alto","100","0","0"
"drywall techo instalacion","Instalacion_Cambio_Cubierta","Transaccional","Media","P2","/cambio-cubiertas-techos","50","Desconocido","0","0","0"
"eliminar goteras","Goteras_Filtraciones_Humedad","Transaccional","Media","P1","/reparacion-goteras-filtraciones","50","Alto","100","0","0"
"eliminar goteras techo","Goteras_Filtraciones_Humedad","Transaccional","Media","P1","/reparacion-goteras-filtraciones","50","Desconocido","0","0","0"
"evitar goteras techo","Goteras_Filtraciones_Humedad","Transaccional","Media","P1","/reparacion-goteras-filtraciones","50","Desconocido","0","0","0"
"filtracion en el techo","Goteras_Filtraciones_Humedad","Transaccional","Media","P1","/reparacion-goteras-filtraciones","50","Bajo","0","0","0"
"filtraciones en techos de tejas","Goteras_Filtraciones_Humedad","Transaccional","Media","P1","/reparacion-goteras-filtraciones","50","Desconocido","0","0","0"
"filtraciones tejado","Goteras_Filtraciones_Humedad","Transaccional","Media","P1","/reparacion-goteras-filtraciones","50","Medio","43","0","0"
"gotera de agua en el techo","Goteras_Filtraciones_Humedad","Transaccional","Media","P1","/reparacion-goteras-filtraciones","50","Bajo","0","0","0"
"gotera techo de chapa","Goteras_Filtraciones_Humedad","Transaccional","Media","P1","/reparacion-goteras-filtraciones","50","Desconocido","0","0","0"
"gotera techo departamento","Goteras_Filtraciones_Humedad","Transaccional","Media","P1","/reparacion-goteras-filtraciones","50","Alto","86","0","0"
"goteras como reparar","Goteras_Filtraciones_Humedad","Transaccional","Media","P1","/reparacion-goteras-filtraciones","50","Desconocido","0","0","0"
"goteras de techo","Goteras_Filtraciones_Humedad","Transaccional","Media","P1","/reparacion-goteras-filtraciones","50","Medio","57","0","0"
"goteras en techo de concreto","Goteras_Filtraciones_Humedad","Transaccional","Media","P1","/reparacion-goteras-filtraciones","50","Desconocido","0","0","0"
"goteras en techo de tejas","Goteras_Filtraciones_Humedad","Transaccional","Media","P1","/reparacion-goteras-filtraciones","50","Alto","100","0","0"
"goteras en tejado","Goteras_Filtraciones_Humedad","Transaccional","Media","P1","/reparacion-goteras-filtraciones","50","Desconocido","0","0","0"
"goteras en tejado de tejas","Goteras_Filtraciones_Humedad","Transaccional","Media","P1","/reparacion-goteras-filtraciones","50","Desconocido","0","0","0"
"goteras en union de techos","Goteras_Filtraciones_Humedad","Transaccional","Media","P1","/reparacion-goteras-filtraciones","50","Desconocido","0","0","0"
"goteras reparacion","Goteras_Filtraciones_Humedad","Transaccional","Media","P1","/reparacion-goteras-filtraciones","50","Alto","79","767","1682"
"goteras techo de tejas","Goteras_Filtraciones_Humedad","Transaccional","Media","P1","/reparacion-goteras-filtraciones","50","Alto","100","0","0"
"goteras tejados","Goteras_Filtraciones_Humedad","Transaccional","Media","P1","/reparacion-goteras-filtraciones","50","Desconocido","0","0","0"
"goteras y filtraciones","Goteras_Filtraciones_Humedad","Transaccional","Media","P1","/reparacion-goteras-filtraciones","50","Alto","86","0","0"
"hidrolavado de techos","Otros","Transaccional","Baja","P3","/servicios-techos","50","Desconocido","0","0","0"
"impermeabilizacion de techos con membrana","Impermeabilizacion_Sellado","Transaccional","Media","P1","/impermeabilizacion-techos","50","Desconocido","0","0","0"
"impermeabilizacion de techos con poliuretano","Impermeabilizacion_Sellado","Transaccional","Media","P1","/impermeabilizacion-techos","50","Alto","86","0","0"
"impermeabilizacion de techos de lamina","Impermeabilizacion_Sellado","Transaccional","Media","P1","/impermeabilizacion-techos","50","Desconocido","0","0","0"
"impermeabilizacion de techos de tejas","Impermeabilizacion_Sellado","Transaccional","Media","P1","/impermeabilizacion-techos","50","Alto","100","0","0"
"impermeabilizacion de techos membrana asfaltica","Impermeabilizacion_Sellado","Transaccional","Media","P1","/impermeabilizacion-techos","50","Alto","71","0","0"
"impermeabilizacion de techumbres","Impermeabilizacion_Sellado","Transaccional","Media","P1","/impermeabilizacion-techos","50","Alto","100","0","0"
"impermeabilizacion en techos","Impermeabilizacion_Sellado","Transaccional","Media","P1","/impermeabilizacion-techos","50","Desconocido","0","0","0"
"impermeabilizacion goteras","Impermeabilizacion_Sellado","Transaccional","Media","P1","/impermeabilizacion-techos","50","Alto","100","0","0"
"impermeabilizacion techos de chapa","Impermeabilizacion_Sellado","Transaccional","Media","P1","/impermeabilizacion-techos","50","Desconocido","0","0","0"
"impermeabilización de techos con manto asfáltico","Impermeabilizacion_Sellado","Transaccional","Media","P1","/impermeabilizacion-techos","50","Desconocido","0","0","0"
"impermeabilización de techos de chapa","Impermeabilizacion_Sellado","Transaccional","Media","P1","/impermeabilizacion-techos","50","Desconocido","0","0","0"
"impermeabilizante de tejas","Impermeabilizacion_Sellado","Transaccional","Media","P1","/impermeabilizacion-techos","50","Alto","100","136","468"
"impermeabilizante para techos de tejas","Impermeabilizacion_Sellado","Transaccional","Media","P1","/impermeabilizacion-techos","50","Alto","100","0","0"
"impermeabilizante teja","Impermeabilizacion_Sellado","Transaccional","Media","P1","/impermeabilizacion-techos","50","Alto","100","219","1115"
"impermeabilizar laminas de zinc","Impermeabilizacion_Sellado","Transaccional","Media","P1","/impermeabilizacion-techos","50","Desconocido","0","0","0"
"impermeabilizar techo con pintura asfaltica","Impermeabilizacion_Sellado","Transaccional","Media","P1","/impermeabilizacion-techos","50","Desconocido","0","0","0"
"impermeabilizar techo de hormigón","Impermeabilizacion_Sellado","Transaccional","Media","P1","/impermeabilizacion-techos","50","Desconocido","0","0","0"
"impermeabilizar techo de lamina","Impermeabilizacion_Sellado","Transaccional","Media","P1","/impermeabilizacion-techos","50","Alto","100","0","0"
"impermeabilizar techo de losa","Impermeabilizacion_Sellado","Transaccional","Media","P1","/impermeabilizacion-techos","50","Desconocido","0","0","0"
"impermeabilizar techo de tejas","Impermeabilizacion_Sellado","Transaccional","Media","P1","/impermeabilizacion-techos","50","Alto","100","0","0"
"impermeabilizar techo interior","Impermeabilizacion_Sellado","Transaccional","Media","P1","/impermeabilizacion-techos","50","Desconocido","0","0","0"
"impermeabilizar techo losa","Impermeabilizacion_Sellado","Transaccional","Media","P1","/impermeabilizacion-techos","50","Desconocido","0","0","0"
"impermeabilizar techo por dentro","Impermeabilizacion_Sellado","Transaccional","Media","P1","/impermeabilizacion-techos","50","Desconocido","0","0","0"
"impermeabilizar techos con poliuretano","Impermeabilizacion_Sellado","Transaccional","Media","P1","/impermeabilizacion-techos","50","Alto","100","0","0"
"impermeabilizar techos de lamina","Impermeabilizacion_Sellado","Transaccional","Media","P1","/impermeabilizacion-techos","50","Desconocido","0","0","0"
"impermeabilizar techos de tejas","Impermeabilizacion_Sellado","Transaccional","Media","P1","/impermeabilizacion-techos","50","Alto","100","0","0"
"impermeabilizar techos precio","Precios_Cotizacion","Comercial","Media","P2","/cotizacion-reparacion-techos","50","Alto","100","0","0"
"impermeabilizar teja asfaltica","Impermeabilizacion_Sellado","Transaccional","Media","P1","/impermeabilizacion-techos","50","Alto","100","33","727"
"impermeabilizar tejado por dentro","Impermeabilizacion_Sellado","Transaccional","Media","P1","/impermeabilizacion-techos","50","Desconocido","0","0","0"
"impermeabilizar tejas de barro","Impermeabilizacion_Sellado","Transaccional","Media","P1","/impermeabilizacion-techos","50","Desconocido","0","0","0"
"impermeabilizar un techo","Impermeabilizacion_Sellado","Transaccional","Media","P1","/impermeabilizacion-techos","50","Medio","43","0","0"
"impermeabilizar un tejado","Impermeabilizacion_Sellado","Transaccional","Media","P1","/impermeabilizacion-techos","50","Desconocido","0","0","0"
"instalacion abanicos de techo","Instalacion_Cambio_Cubierta","Transaccional","Media","P2","/cambio-cubiertas-techos","50","Desconocido","0","0","0"
"instalacion claraboya tejado","Instalacion_Cambio_Cubierta","Transaccional","Media","P2","/cambio-cubiertas-techos","50","Desconocido","0","0","0"
"instalacion cubierta policarbonato","Instalacion_Cambio_Cubierta","Transaccional","Media","P2","/cambio-cubiertas-techos","50","Desconocido","0","0","0"
"instalacion de aislante termico en techos","Impermeabilizacion_Sellado","Transaccional","Media","P1","/impermeabilizacion-techos","50","Alto","100","0","0"
"instalacion de canaletas en techos","Canaletas_Drenaje","Transaccional","Media","P2","/limpieza-reparacion-canaletas","50","Desconocido","0","0","0"
"instalacion de cielos en pvc","Instalacion_Cambio_Cubierta","Transaccional","Media","P2","/cambio-cubiertas-techos","50","Desconocido","0","0","0"
"instalacion de cielos rasos en pvc","Instalacion_Cambio_Cubierta","Transaccional","Media","P2","/cambio-cubiertas-techos","50","Alto","86","0","0"
"instalacion de cubiertas de policarbonato","Instalacion_Cambio_Cubierta","Transaccional","Media","P2","/cambio-cubiertas-techos","50","Desconocido","0","0","0"
"instalacion de cubiertas metalicas","Instalacion_Cambio_Cubierta","Transaccional","Media","P2","/cambio-cubiertas-techos","50","Desconocido","0","0","0"
"instalacion de deck en techo","Instalacion_Cambio_Cubierta","Transaccional","Media","P2","/cambio-cubiertas-techos","50","Desconocido","0","0","0"
"instalacion de drywall en techos","Instalacion_Cambio_Cubierta","Transaccional","Media","P2","/cambio-cubiertas-techos","50","Medio","43","0","0"
"instalacion de falso techo","No_Relevante","Transaccional","Baja","P3","/","50","Bajo","0","0","0"
"instalacion de fibra de vidrio en techos","Instalacion_Cambio_Cubierta","Transaccional","Media","P2","/cambio-cubiertas-techos","50","Bajo","0","0","0"
"instalacion de lamina de policarbonato","Instalacion_Cambio_Cubierta","Transaccional","Media","P2","/cambio-cubiertas-techos","50","Bajo","0","0","0"
"instalacion de machimbre en techo","Instalacion_Cambio_Cubierta","Transaccional","Media","P2","/cambio-cubiertas-techos","50","Desconocido","0","0","0"
"instalacion de molduras de poliestireno","Instalacion_Cambio_Cubierta","Transaccional","Media","P2","/cambio-cubiertas-techos","50","Desconocido","0","0","0"
"instalacion de planchas de policarbonato","Instalacion_Cambio_Cubierta","Transaccional","Media","P2","/cambio-cubiertas-techos","50","Bajo","20","0","0"
"instalacion de plastiteja","Instalacion_Cambio_Cubierta","Transaccional","Media","P2","/cambio-cubiertas-techos","50","Desconocido","0","0","0"
"instalacion de policarbonato alveolar","Instalacion_Cambio_Cubierta","Transaccional","Media","P2","/cambio-cubiertas-techos","50","Medio","59","21","640"
"instalacion de policarbonato celular","Instalacion_Cambio_Cubierta","Transaccional","Media","P2","/cambio-cubiertas-techos","50","Desconocido","0","0","0"
"instalacion de policarbonato ondulado","Instalacion_Cambio_Cubierta","Transaccional","Media","P2","/cambio-cubiertas-techos","50","Bajo","0","0","0"
"instalacion de policarbonato precio","Precios_Cotizacion","Comercial","Media","P2","/cotizacion-reparacion-techos","50","Desconocido","0","0","0"
"instalacion de pvc en techos","Instalacion_Cambio_Cubierta","Transaccional","Media","P2","/cambio-cubiertas-techos","50","Desconocido","0","0","0"
"instalacion de shingle","Instalacion_Cambio_Cubierta","Transaccional","Media","P2","/cambio-cubiertas-techos","50","Desconocido","0","0","0"
"instalacion de techo aluzinc","Instalacion_Cambio_Cubierta","Transaccional","Media","P2","/cambio-cubiertas-techos","50","Desconocido","0","0","0"
"instalacion de techo de calamina","Instalacion_Cambio_Cubierta","Transaccional","Media","P2","/cambio-cubiertas-techos","50","Desconocido","0","0","0"
"instalacion de techo en pvc","Instalacion_Cambio_Cubierta","Transaccional","Media","P2","/cambio-cubiertas-techos","50","Bajo","25","0","0"
"instalacion de techos de madera","Instalacion_Cambio_Cubierta","Transaccional","Media","P2","/cambio-cubiertas-techos","50","Desconocido","0","0","0"
"instalacion de techumbre","Instalacion_Cambio_Cubierta","Transaccional","Media","P2","/cambio-cubiertas-techos","50","Bajo","26","191","717"
"instalacion de tragaluz para techos","Instalacion_Cambio_Cubierta","Transaccional","Media","P2","/cambio-cubiertas-techos","50","Medio","43","0","0"
"instalacion de ventilador","No_Relevante","Transaccional","Baja","P3","/","50","Bajo","10","0","0"
"instalacion de zinc ondulado","Instalacion_Cambio_Cubierta","Transaccional","Media","P2","/cambio-cubiertas-techos","50","Bajo","1","0","0"
"instalacion electrica en techo","Instalacion_Cambio_Cubierta","Transaccional","Media","P2","/cambio-cubiertas-techos","50","Desconocido","0","0","0"
"instalacion electrica en techo de chapa","Instalacion_Cambio_Cubierta","Transaccional","Media","P2","/cambio-cubiertas-techos","50","Bajo","0","0","0"
"instalacion electrica en techo de machimbre","Instalacion_Cambio_Cubierta","Transaccional","Media","P2","/cambio-cubiertas-techos","50","Bajo","0","0","0"
"instalacion electrica en techo de madera","Instalacion_Cambio_Cubierta","Transaccional","Media","P2","/cambio-cubiertas-techos","50","Bajo","0","0","0"
"instalacion electrica falso techo","No_Relevante","Transaccional","Baja","P3","/","50","Bajo","0","0","0"
"instalacion electrica por falso techo","No_Relevante","Transaccional","Baja","P3","/","50","Desconocido","0","0","0"
"instalacion electrica techo","Instalacion_Cambio_Cubierta","Transaccional","Media","P2","/cambio-cubiertas-techos","50","Bajo","0","0","0"
"instalacion electrica techo de madera","Instalacion_Cambio_Cubierta","Transaccional","Media","P2","/cambio-cubiertas-techos","50","Bajo","0","0","0"
"instalacion falso plafon","No_Relevante","Transaccional","Baja","P3","/","50","Desconocido","0","0","0"
"instalacion falso techo","No_Relevante","Transaccional","Baja","P3","/","50","Desconocido","0","0","0"
"instalacion falso techo pladur","No_Relevante","Transaccional","Baja","P3","/","50","Desconocido","0","0","0"
"instalacion lamina alveolar policarbonato","Instalacion_Cambio_Cubierta","Transaccional","Media","P2","/cambio-cubiertas-techos","50","Bajo","29","0","0"
"instalacion lamina policarbonato","Instalacion_Cambio_Cubierta","Transaccional","Media","P2","/cambio-cubiertas-techos","50","Desconocido","0","0","0"
"instalacion osb techumbre","Instalacion_Cambio_Cubierta","Transaccional","Media","P2","/cambio-cubiertas-techos","50","Bajo","3","0","0"
"instalacion plafon techo","No_Relevante","Transaccional","Baja","P3","/","50","Bajo","19","0","0"
"instalacion plancha policarbonato alveolar","Instalacion_Cambio_Cubierta","Transaccional","Media","P2","/cambio-cubiertas-techos","50","Alto","70","0","0"
"instalacion planchas de policarbonato","Instalacion_Cambio_Cubierta","Transaccional","Media","P2","/cambio-cubiertas-techos","50","Alto","100","0","0"
"instalacion policarbonato celular","Instalacion_Cambio_Cubierta","Transaccional","Media","P2","/cambio-cubiertas-techos","50","Desconocido","0","0","0"
"instalacion policarbonato ondulado","Instalacion_Cambio_Cubierta","Transaccional","Media","P2","/cambio-cubiertas-techos","50","Medio","38","0","0"
"instalacion pvc techo","Instalacion_Cambio_Cubierta","Transaccional","Media","P2","/cambio-cubiertas-techos","50","Desconocido","0","0","0"
"instalacion techo","Instalacion_Cambio_Cubierta","Transaccional","Media","P2","/cambio-cubiertas-techos","50","Medio","54","178","672"
"instalacion techo asfaltico","Instalacion_Cambio_Cubierta","Transaccional","Media","P2","/cambio-cubiertas-techos","50","Alto","76","354","703"
"instalacion techo de lamina","Instalacion_Cambio_Cubierta","Transaccional","Media","P2","/cambio-cubiertas-techos","50","Bajo","0","0","0"
"instalacion techo en pvc","Instalacion_Cambio_Cubierta","Transaccional","Media","P2","/cambio-cubiertas-techos","50","Desconocido","0","0","0"
"instalacion techo falso","Instalacion_Cambio_Cubierta","Transaccional","Media","P2","/cambio-cubiertas-techos","50","Desconocido","0","0","0"
"instalacion techo madera","Instalacion_Cambio_Cubierta","Transaccional","Media","P2","/cambio-cubiertas-techos","50","Desconocido","0","0","0"
"instalacion techo panel sandwich","Instalacion_Cambio_Cubierta","Transaccional","Media","P2","/cambio-cubiertas-techos","50","Alto","100","0","0"
"instalacion techo pvc precio","Precios_Cotizacion","Comercial","Media","P2","/cotizacion-reparacion-techos","50","Desconocido","0","0","0"
"instalacion techo zinc","Instalacion_Cambio_Cubierta","Transaccional","Media","P2","/cambio-cubiertas-techos","50","Bajo","31","0","0"
"instalacion techumbre","Instalacion_Cambio_Cubierta","Transaccional","Media","P2","/cambio-cubiertas-techos","50","Bajo","4","0","0"
"instalacion teja asfaltica sodimac","Instalacion_Cambio_Cubierta","Transaccional","Media","P2","/cambio-cubiertas-techos","50","Desconocido","0","0","0"
"instalacion teja shingle","Instalacion_Cambio_Cubierta","Transaccional","Media","P2","/cambio-cubiertas-techos","50","Bajo","14","0","0"
"instalaciones de techos","Otros","Transaccional","Baja","P3","/servicios-techos","50","Medio","35","211","768"
"instalación de abanico de techo","Otros","Transaccional","Baja","P3","/servicios-techos","50","Desconocido","0","0","0"
"instalación de canoas para techos","Otros","Transaccional","Baja","P3","/servicios-techos","50","Alto","71","0","0"
"instalación de laminas de policarbonato","Material_Tipo_Cubierta","Transaccional","Media","P3","/reparacion-por-tipo-de-cubierta","50","Bajo","0","0","0"
"instalación de techo de zinc","Otros","Transaccional","Baja","P3","/servicios-techos","50","Bajo","1","0","0"
"instalación de techos de lámina","Otros","Transaccional","Baja","P3","/servicios-techos","50","Desconocido","0","0","0"
"instalación de teja","Material_Tipo_Cubierta","Transaccional","Media","P3","/reparacion-por-tipo-de-cubierta","50","Medio","46","194","591"
"instalación de teja asfáltica","Material_Tipo_Cubierta","Transaccional","Media","P3","/reparacion-por-tipo-de-cubierta","50","Bajo","31","19","491"
"instalación eléctrica por el techo","Otros","Transaccional","Baja","P3","/servicios-techos","50","Bajo","0","0","0"
"instalación policarbonato","Material_Tipo_Cubierta","Transaccional","Media","P3","/reparacion-por-tipo-de-cubierta","50","Medio","34","111","962"
"instalación policarbonato alveolar","Material_Tipo_Cubierta","Transaccional","Media","P3","/reparacion-por-tipo-de-cubierta","50","Medio","51","28","488"
"instalación techo pvc","Material_Tipo_Cubierta","Transaccional","Media","P3","/reparacion-por-tipo-de-cubierta","50","Bajo","17","0","0"
"instalador de techos","Otros","Transaccional","Baja","P3","/servicios-techos","50","Alto","100","0","0"
"instalar lamina de policarbonato","Instalacion_Cambio_Cubierta","Transaccional","Media","P2","/cambio-cubiertas-techos","50","Bajo","0","0","0"
"instalar lana de roca en techo","Instalacion_Cambio_Cubierta","Transaccional","Media","P2","/cambio-cubiertas-techos","50","Desconocido","0","0","0"
"instalar lona techo","Instalacion_Cambio_Cubierta","Transaccional","Media","P2","/cambio-cubiertas-techos","50","Desconocido","0","0","0"
"instalar placas de policarbonato","Instalacion_Cambio_Cubierta","Transaccional","Media","P2","/cambio-cubiertas-techos","50","Bajo","29","0","0"
"instalar plafon techo","No_Relevante","Transaccional","Baja","P3","/","50","Desconocido","0","0","0"
"instalar pvc techo","Instalacion_Cambio_Cubierta","Transaccional","Media","P2","/cambio-cubiertas-techos","50","Desconocido","0","0","0"
"instalar techo drywall","Instalacion_Cambio_Cubierta","Transaccional","Media","P2","/cambio-cubiertas-techos","50","Desconocido","0","0","0"
"instalar techo policarbonato","Instalacion_Cambio_Cubierta","Transaccional","Media","P2","/cambio-cubiertas-techos","50","Bajo","17","0","0"
"instalar tejado panel sandwich","Instalacion_Cambio_Cubierta","Transaccional","Media","P2","/cambio-cubiertas-techos","50","Desconocido","0","0","0"
"instalar tragaluz techo","Instalacion_Cambio_Cubierta","Transaccional","Media","P2","/cambio-cubiertas-techos","50","Medio","45","58","136"
"lavado de techo de carro","Otros","Transaccional","Baja","P3","/servicios-techos","50","Bajo","0","0","0"
"lavado de techos a presion","Otros","Transaccional","Baja","P3","/servicios-techos","50","Desconocido","0","0","0"
"lavado de techos de autos","Otros","Transaccional","Baja","P3","/servicios-techos","50","Medio","40","0","0"
"lavado de techos de tejas","Material_Tipo_Cubierta","Transaccional","Media","P3","/reparacion-por-tipo-de-cubierta","50","Alto","71","0","0"
"lavado techo de autos","Otros","Transaccional","Baja","P3","/servicios-techos","50","Alto","100","0","0"
"limpia techo","Otros","Transaccional","Baja","P3","/servicios-techos","50","Alto","99","156","443"
"limpiador de techo","Otros","Transaccional","Baja","P3","/servicios-techos","50","Alto","100","0","0"
"limpiador de techos","Otros","Transaccional","Baja","P3","/servicios-techos","50","Alto","100","0","0"
"limpiador de techos de autos","Otros","Transaccional","Baja","P3","/servicios-techos","50","Alto","100","78","279"
"limpiador de techos y paredes","Otros","Transaccional","Baja","P3","/servicios-techos","50","Alto","100","0","0"
"limpiadores de canaletas","Canaletas_Drenaje","Transaccional","Media","P2","/limpieza-reparacion-canaletas","50","Alto","86","0","0"
"limpiar canaletas techos","Canaletas_Drenaje","Transaccional","Media","P2","/limpieza-reparacion-canaletas","50","Alto","90","125","515"
"limpiar el techo","Limpieza_Mantencion","Transaccional","Media","P2","/mantencion-techos-empresas","50","Desconocido","0","0","0"
"limpiar el techo del carro","Limpieza_Mantencion","Transaccional","Media","P2","/mantencion-techos-empresas","50","Desconocido","0","0","0"
"limpiar paredes y techos","Limpieza_Mantencion","Transaccional","Media","P2","/mantencion-techos-empresas","50","Alto","100","0","0"
"limpiar techo carro","Limpieza_Mantencion","Transaccional","Media","P2","/mantencion-techos-empresas","50","Desconocido","0","0","0"
"limpiar techo desmontable escayola","No_Relevante","Transaccional","Baja","P3","/","50","Desconocido","0","0","0"
"limpiar techo policarbonato","Limpieza_Mantencion","Transaccional","Media","P2","/mantencion-techos-empresas","50","Bajo","0","0","0"
"limpiar techos con vaporeta","Limpieza_Mantencion","Transaccional","Media","P2","/mantencion-techos-empresas","50","Desconocido","0","0","0"
"limpiar techos y paredes","Limpieza_Mantencion","Transaccional","Media","P2","/mantencion-techos-empresas","50","Desconocido","0","0","0"
"limpiar tejas","Limpieza_Mantencion","Transaccional","Media","P2","/mantencion-techos-empresas","50","Bajo","0","0","0"
"limpiar tejas con hidrolavadora","Limpieza_Mantencion","Transaccional","Media","P2","/mantencion-techos-empresas","50","Desconocido","0","0","0"
"limpieza canaletas techos","Canaletas_Drenaje","Transaccional","Media","P2","/limpieza-reparacion-canaletas","50","Alto","90","125","515"
"limpieza de cielo raso","Limpieza_Mantencion","Transaccional","Media","P2","/mantencion-techos-empresas","50","Bajo","0","0","0"
"limpieza de techos con hidrolavadora","Limpieza_Mantencion","Transaccional","Media","P2","/mantencion-techos-empresas","50","Alto","100","0","0"
"limpieza de techos de cocina","Limpieza_Mantencion","Transaccional","Media","P2","/mantencion-techos-empresas","50","Desconocido","0","0","0"
"limpieza de techos de policarbonato","Limpieza_Mantencion","Transaccional","Media","P2","/mantencion-techos-empresas","50","Bajo","0","0","0"
"limpieza de techos de tejas","Limpieza_Mantencion","Transaccional","Media","P2","/mantencion-techos-empresas","50","Bajo","0","0","0"
"limpieza de techos y azoteas","Limpieza_Mantencion","Transaccional","Media","P2","/mantencion-techos-empresas","50","Desconocido","0","0","0"
"limpieza de tejas precio por metro cuadrado","Precios_Cotizacion","Comercial","Media","P2","/cotizacion-reparacion-techos","50","Medio","48","229","410"
"limpieza techo","Limpieza_Mantencion","Transaccional","Media","P2","/mantencion-techos-empresas","50","Alto","99","156","443"
"lo mejor para impermeabilizar techos","Impermeabilizacion_Sellado","Transaccional","Media","P1","/impermeabilizacion-techos","50","Desconocido","0","0","0"
"maestro reparador de techos","Otros","Transaccional","Baja","P3","/servicios-techos","50","Medio","65","148","2269"
"mantenimiento de techos de policarbonato","Limpieza_Mantencion","Transaccional","Media","P2","/mantencion-techos-empresas","50","Alto","86","355","2891"
"mantenimiento techos","Limpieza_Mantencion","Transaccional","Media","P2","/mantencion-techos-empresas","50","Bajo","0","0","0"
"membrana de techo","Impermeabilizacion_Sellado","Transaccional","Media","P1","/impermeabilizacion-techos","50","Alto","100","25","309"
"membranas para impermeabilizar techos","Impermeabilizacion_Sellado","Transaccional","Media","P1","/impermeabilizacion-techos","50","Medio","50","0","0"
"para goteras techo","Goteras_Filtraciones_Humedad","Transaccional","Media","P1","/reparacion-goteras-filtraciones","50","Desconocido","0","0","0"
"para impermeabilizar techos","Impermeabilizacion_Sellado","Transaccional","Media","P1","/impermeabilizacion-techos","50","Alto","100","0","0"
"para las goteras del techo","Goteras_Filtraciones_Humedad","Transaccional","Media","P1","/reparacion-goteras-filtraciones","50","Desconocido","0","0","0"
"para tapar goteras techo","Goteras_Filtraciones_Humedad","Transaccional","Media","P1","/reparacion-goteras-filtraciones","50","Desconocido","0","0","0"
"parche para tapar goteras","Goteras_Filtraciones_Humedad","Transaccional","Media","P1","/reparacion-goteras-filtraciones","50","Alto","100","0","0"
"pintura para impermeabilizar tejados","Impermeabilizacion_Sellado","Transaccional","Media","P1","/impermeabilizacion-techos","50","Alto","100","0","0"
"poliuretano para impermeabilizar techos","Impermeabilizacion_Sellado","Transaccional","Media","P1","/impermeabilizacion-techos","50","Desconocido","0","0","0"
"precio cambio de techo","Precios_Cotizacion","Comercial","Media","P2","/cotizacion-reparacion-techos","50","Medio","43","0","0"
"precio de instalacion de teja asfaltica","Precios_Cotizacion","Comercial","Media","P2","/cotizacion-reparacion-techos","50","Medio","33","0","0"
"precio de instalacion de ventilador de techo","No_Relevante","Comercial","Baja","P3","/","50","Bajo","7","0","0"
"precio de instalación de policarbonato","Precios_Cotizacion","Comercial","Media","P2","/cotizacion-reparacion-techos","50","Bajo","0","0","0"
"precio impermeabilizacion por m2","Precios_Cotizacion","Comercial","Media","P2","/cotizacion-reparacion-techos","50","Alto","100","0","0"
"precio impermeabilizar techo","Precios_Cotizacion","Comercial","Media","P2","/cotizacion-reparacion-techos","50","Alto","100","0","0"
"precio instalacion falso techo pladur","No_Relevante","Comercial","Baja","P3","/","50","Desconocido","0","0","0"
"precio instalacion teja asfaltica","Precios_Cotizacion","Comercial","Media","P2","/cotizacion-reparacion-techos","50","Bajo","17","0","0"
"precio instalación policarbonato","Precios_Cotizacion","Comercial","Media","P2","/cotizacion-reparacion-techos","50","Desconocido","0","0","0"
"precio limpieza de canaletas","Precios_Cotizacion","Comercial","Media","P2","/cotizacion-reparacion-techos","50","Desconocido","0","0","0"
"precio para impermeabilizar techo","Precios_Cotizacion","Comercial","Media","P2","/cotizacion-reparacion-techos","50","Medio","43","0","0"
"productos para limpiar el techo del carro","Limpieza_Mantencion","Transaccional","Media","P2","/mantencion-techos-empresas","50","Desconocido","0","0","0"
"quitar goteras","Goteras_Filtraciones_Humedad","Transaccional","Media","P1","/reparacion-goteras-filtraciones","50","Desconocido","0","0","0"
"reparacion cielorraso yeso","Otros","Transaccional","Baja","P3","/servicios-techos","50","Alto","100","114","653"
"reparacion de grietas en techos","Core_Reparacion_Techos","Transaccional","Media","P1","/","50","Desconocido","0","0","0"
"reparacion de membranas para techos","Core_Reparacion_Techos","Transaccional","Media","P1","/","50","Desconocido","0","0","0"
"reparacion de techos de aluminio","Core_Reparacion_Techos","Transaccional","Media","P1","/","50","Desconocido","0","0","0"
"reparacion de techos de lamina","Core_Reparacion_Techos","Transaccional","Media","P1","/","50","Desconocido","0","0","0"
"reparacion de techos de loza","Core_Reparacion_Techos","Transaccional","Media","P1","/","50","Desconocido","0","0","0"
"reparacion de techos de madera","Core_Reparacion_Techos","Transaccional","Media","P1","/","50","Desconocido","0","0","0"
"reparacion de techos de tejas zona oeste","Core_Reparacion_Techos","Transaccional","Media","P1","/","50","Desconocido","0","0","0"
"reparacion de techos de tejas zona sur","Core_Reparacion_Techos","Transaccional","Media","P1","/","50","Desconocido","0","0","0"
"reparacion de techos de zinc","Core_Reparacion_Techos","Transaccional","Media","P1","/","50","Alto","86","217","659"
"reparacion de techos interiores","Core_Reparacion_Techos","Transaccional","Media","P1","/","50","Desconocido","0","0","0"
"reparacion de techos puente alto","Core_Reparacion_Techos","Transaccional","Media","P1","/","50","Alto","67","0","0"
"reparacion gotera","Goteras_Filtraciones_Humedad","Transaccional","Media","P1","/reparacion-goteras-filtraciones","50","Alto","79","767","1682"
"reparacion goteras techo","Goteras_Filtraciones_Humedad","Transaccional","Media","P1","/reparacion-goteras-filtraciones","50","Alto","90","599","1078"
"reparacion techo escayola","No_Relevante","Transaccional","Baja","P3","/","50","Desconocido","0","0","0"
"reparacion techo policarbonato","Core_Reparacion_Techos","Transaccional","Media","P1","/","50","Desconocido","0","0","0"
"reparacion techo tejas","Core_Reparacion_Techos","Transaccional","Media","P1","/","50","Medio","57","346","927"
"reparacion techos de policarbonato","Core_Reparacion_Techos","Transaccional","Media","P1","/","50","Alto","70","137","520"
"reparacion techos de tejas coloniales","Core_Reparacion_Techos","Transaccional","Media","P1","/","50","Alto","86","246","1386"
"reparacion techos policarbonato","Core_Reparacion_Techos","Transaccional","Media","P1","/","50","Desconocido","0","0","0"
"reparacion techos policarbonato capital federal","Core_Reparacion_Techos","Transaccional","Media","P1","/","50","Bajo","0","0","0"
"reparación de techos de edificios","Otros","Transaccional","Baja","P3","/servicios-techos","50","Bajo","29","0","0"
"reparación de techos de lámina","Otros","Transaccional","Baja","P3","/servicios-techos","50","Desconocido","0","0","0"
"reparador de goteras en spray","Goteras_Filtraciones_Humedad","Transaccional","Media","P1","/reparacion-goteras-filtraciones","50","Desconocido","0","0","0"
"reparador de grietas en techos","Otros","Transaccional","Baja","P3","/servicios-techos","50","Desconocido","0","0","0"
"reparar cielorraso","Otros","Transaccional","Baja","P3","/servicios-techos","50","Desconocido","0","0","0"
"reparar el techo dela casa","Core_Reparacion_Techos","Transaccional","Media","P1","/","50","Desconocido","0","0","0"
"reparar escayola techo","No_Relevante","Transaccional","Baja","P3","/","50","Desconocido","0","0","0"
"reparar filtraciones de agua azoteas","Goteras_Filtraciones_Humedad","Transaccional","Media","P1","/reparacion-goteras-filtraciones","50","Alto","100","0","0"
"reparar filtraciones en losa","Goteras_Filtraciones_Humedad","Transaccional","Media","P1","/reparacion-goteras-filtraciones","50","Desconocido","0","0","0"
"reparar gotera techo","Goteras_Filtraciones_Humedad","Transaccional","Media","P1","/reparacion-goteras-filtraciones","50","Alto","100","0","0"
"reparar goteras en el techo","Goteras_Filtraciones_Humedad","Transaccional","Media","P1","/reparacion-goteras-filtraciones","50","Alto","100","0","0"
"reparar goteras en losa","Goteras_Filtraciones_Humedad","Transaccional","Media","P1","/reparacion-goteras-filtraciones","50","Desconocido","0","0","0"
"reparar goteras techo chapa","Goteras_Filtraciones_Humedad","Transaccional","Media","P1","/reparacion-goteras-filtraciones","50","Desconocido","0","0","0"
"reparar goteras techo concreto","Goteras_Filtraciones_Humedad","Transaccional","Media","P1","/reparacion-goteras-filtraciones","50","Desconocido","0","0","0"
"reparar goteras terraza","Goteras_Filtraciones_Humedad","Transaccional","Media","P1","/reparacion-goteras-filtraciones","50","Desconocido","0","0","0"
"reparar grietas en techos de cemento","Core_Reparacion_Techos","Transaccional","Media","P1","/","50","Desconocido","0","0","0"
"reparar humedad en techo","Goteras_Filtraciones_Humedad","Transaccional","Media","P1","/reparacion-goteras-filtraciones","50","Desconocido","0","0","0"
"reparar humedad por filtracion","Goteras_Filtraciones_Humedad","Transaccional","Media","P1","/reparacion-goteras-filtraciones","50","Desconocido","0","0","0"
"reparar losa con filtraciones","Goteras_Filtraciones_Humedad","Transaccional","Media","P1","/reparacion-goteras-filtraciones","50","Desconocido","0","0","0"
"reparar membrana techo","Impermeabilizacion_Sellado","Transaccional","Media","P1","/impermeabilizacion-techos","50","Desconocido","0","0","0"
"reparar paredes con filtraciones de agua","Goteras_Filtraciones_Humedad","Transaccional","Media","P1","/reparacion-goteras-filtraciones","50","Desconocido","0","0","0"
"reparar techo con cemento","Core_Reparacion_Techos","Transaccional","Media","P1","/","50","Medio","43","0","0"
"reparar techo con goteras","Goteras_Filtraciones_Humedad","Transaccional","Media","P1","/reparacion-goteras-filtraciones","50","Desconocido","0","0","0"
"reparar techo de cemento","Core_Reparacion_Techos","Transaccional","Media","P1","/","50","Desconocido","0","0","0"
"reparar techo de chapa","Core_Reparacion_Techos","Transaccional","Media","P1","/","50","Desconocido","0","0","0"
"reparar techo de madera","Core_Reparacion_Techos","Transaccional","Media","P1","/","50","Desconocido","0","0","0"
"reparar techo escayola baño","No_Relevante","Transaccional","Baja","P3","/","50","Desconocido","0","0","0"
"reparar techo fibra de vidrio","Core_Reparacion_Techos","Transaccional","Media","P1","/","50","Desconocido","0","0","0"
"reparar techo humedad","Goteras_Filtraciones_Humedad","Transaccional","Media","P1","/reparacion-goteras-filtraciones","50","Desconocido","0","0","0"
"reparar techo policarbonato","Core_Reparacion_Techos","Transaccional","Media","P1","/","50","Desconocido","0","0","0"
"reparar techo por humedad","Goteras_Filtraciones_Humedad","Transaccional","Media","P1","/reparacion-goteras-filtraciones","50","Medio","48","0","0"
"reparar techo yeso","Core_Reparacion_Techos","Transaccional","Media","P1","/","50","Desconocido","0","0","0"
"reparar techo zinc","Core_Reparacion_Techos","Transaccional","Media","P1","/","50","Alto","100","0","0"
"reparar tejado de tejas","Core_Reparacion_Techos","Transaccional","Media","P1","/","50","Alto","100","0","0"
"reparar tejado tejas","Core_Reparacion_Techos","Transaccional","Media","P1","/","50","Desconocido","0","0","0"
"restauracion de techos","Otros","Transaccional","Baja","P3","/servicios-techos","50","Bajo","29","0","0"
"se llueve el techo","Otros","Transaccional","Baja","P3","/servicios-techos","50","Alto","86","231","566"
"se puede impermeabilizar un techo de lamina","Impermeabilizacion_Sellado","Transaccional","Media","P1","/impermeabilizacion-techos","50","Desconocido","0","0","0"
"sellar goteras en losas de concreto","Goteras_Filtraciones_Humedad","Transaccional","Media","P1","/reparacion-goteras-filtraciones","50","Desconocido","0","0","0"
"sellar goteras techo","Goteras_Filtraciones_Humedad","Transaccional","Media","P1","/reparacion-goteras-filtraciones","50","Alto","86","0","0"
"sellar tejas rotas","Material_Tipo_Cubierta","Transaccional","Media","P3","/reparacion-por-tipo-de-cubierta","50","Desconocido","0","0","0"
"sistema de impermeabilizacion de techos","Impermeabilizacion_Sellado","Transaccional","Media","P1","/impermeabilizacion-techos","50","Desconocido","0","0","0"
"solucion goteras techo","Goteras_Filtraciones_Humedad","Transaccional","Media","P1","/reparacion-goteras-filtraciones","50","Desconocido","0","0","0"
"solucion goteras techo de chapa","Goteras_Filtraciones_Humedad","Transaccional","Media","P1","/reparacion-goteras-filtraciones","50","Desconocido","0","0","0"
"solucion goteras tejados","Goteras_Filtraciones_Humedad","Transaccional","Media","P1","/reparacion-goteras-filtraciones","50","Desconocido","0","0","0"
"solucion para filtracion agua techo","Goteras_Filtraciones_Humedad","Transaccional","Media","P1","/reparacion-goteras-filtraciones","50","Desconocido","0","0","0"
"solucion para goteras en el techo","Goteras_Filtraciones_Humedad","Transaccional","Media","P1","/reparacion-goteras-filtraciones","50","Desconocido","0","0","0"
"solucion rapida para goteras en el techo","Goteras_Filtraciones_Humedad","Transaccional","Media","P1","/reparacion-goteras-filtraciones","50","Desconocido","0","0","0"
"solucionar goteras","Goteras_Filtraciones_Humedad","Transaccional","Media","P1","/reparacion-goteras-filtraciones","50","Alto","100","0","0"
"solucionar goteras en techo","Goteras_Filtraciones_Humedad","Transaccional","Media","P1","/reparacion-goteras-filtraciones","50","Desconocido","0","0","0"
"solucionar goteras en techo de chapa","Goteras_Filtraciones_Humedad","Transaccional","Media","P1","/reparacion-goteras-filtraciones","50","Desconocido","0","0","0"
"soluciones para goteras","Goteras_Filtraciones_Humedad","Informacional","Media","P1","/reparacion-goteras-filtraciones","50","Desconocido","0","0","0"
"soluciones para goteras en tejados","Goteras_Filtraciones_Humedad","Informacional","Media","P1","/reparacion-goteras-filtraciones","50","Desconocido","0","0","0"
"tapa fisuras","Otros","Transaccional","Baja","P3","/servicios-techos","50","Alto","100","0","0"
"tapa goteras techo de chapa","Goteras_Filtraciones_Humedad","Transaccional","Media","P1","/reparacion-goteras-filtraciones","50","Bajo","0","0","0"
"tapar agujeros en chapa de zinc","Material_Tipo_Cubierta","Transaccional","Media","P3","/reparacion-por-tipo-de-cubierta","50","Bajo","0","0","0"
"tapar filtraciones en el techo","Goteras_Filtraciones_Humedad","Transaccional","Media","P1","/reparacion-goteras-filtraciones","50","Desconocido","0","0","0"
"tapar gotera techo","Goteras_Filtraciones_Humedad","Transaccional","Media","P1","/reparacion-goteras-filtraciones","50","Alto","100","0","0"
"tapar goteras con cemento","Goteras_Filtraciones_Humedad","Transaccional","Media","P1","/reparacion-goteras-filtraciones","50","Desconocido","0","0","0"
"tapar goteras del techo","Goteras_Filtraciones_Humedad","Transaccional","Media","P1","/reparacion-goteras-filtraciones","50","Desconocido","0","0","0"
"tapar goteras desde el interior","Goteras_Filtraciones_Humedad","Transaccional","Media","P1","/reparacion-goteras-filtraciones","50","Desconocido","0","0","0"
"tapar goteras en techo de chapa","Goteras_Filtraciones_Humedad","Transaccional","Media","P1","/reparacion-goteras-filtraciones","50","Desconocido","0","0","0"
"tapar goteras en techo de lamina","Goteras_Filtraciones_Humedad","Transaccional","Media","P1","/reparacion-goteras-filtraciones","50","Desconocido","0","0","0"
"tapar goteras en techo de madera","Goteras_Filtraciones_Humedad","Transaccional","Media","P1","/reparacion-goteras-filtraciones","50","Desconocido","0","0","0"
"tapar goteras por dentro","Goteras_Filtraciones_Humedad","Transaccional","Media","P1","/reparacion-goteras-filtraciones","50","Alto","100","0","0"
"tapar goteras techo concreto","Goteras_Filtraciones_Humedad","Transaccional","Media","P1","/reparacion-goteras-filtraciones","50","Desconocido","0","0","0"
"tapar goteras tejado","Goteras_Filtraciones_Humedad","Transaccional","Media","P1","/reparacion-goteras-filtraciones","50","Desconocido","0","0","0"
"tapar una gotera techo","Goteras_Filtraciones_Humedad","Transaccional","Media","P1","/reparacion-goteras-filtraciones","50","Desconocido","0","0","0"
"techo reparacion","Core_Reparacion_Techos","Transaccional","Media","P1","/","50","Alto","100","0","0"
"techos de tejas reparaciones","Material_Tipo_Cubierta","Transaccional","Media","P3","/reparacion-por-tipo-de-cubierta","50","Medio","64","199","596"
"techos pvc instalacion","Instalacion_Cambio_Cubierta","Transaccional","Media","P2","/cambio-cubiertas-techos","50","Bajo","17","0","0"
"techos verdes instalacion","Instalacion_Cambio_Cubierta","Transaccional","Media","P2","/cambio-cubiertas-techos","50","Desconocido","0","0","0"
"teja shingle instalacion","Instalacion_Cambio_Cubierta","Transaccional","Media","P2","/cambio-cubiertas-techos","50","Bajo","9","0","0"
"teja shingle instalación","Material_Tipo_Cubierta","Transaccional","Media","P3","/reparacion-por-tipo-de-cubierta","50","Bajo","9","0","0"
"tela para tapar goteras","Goteras_Filtraciones_Humedad","Transaccional","Media","P1","/reparacion-goteras-filtraciones","50","Alto","100","0","0"
"tengo una gotera en el techo","Goteras_Filtraciones_Humedad","Transaccional","Media","P1","/reparacion-goteras-filtraciones","50","Desconocido","0","0","0"
"tipos de impermeabilizacion de techos","Impermeabilizacion_Sellado","Transaccional","Media","P1","/impermeabilizacion-techos","50","Desconocido","0","0","0"
"utensilios para limpiar techos altos","Limpieza_Mantencion","Informacional","Media","P2","/mantencion-techos-empresas","50","Desconocido","0","0","0"
"ventilador de techo halux instalacion","No_Relevante","Transaccional","Baja","P3","/","50","Bajo","3","0","0"
"ventilador halux instalacion","No_Relevante","Transaccional","Baja","P3","/","50","Bajo","0","0","0"
"arreglar humedades precio","Precios_Cotizacion","Comercial","Media","P2","/cotizacion-reparacion-techos","0","Desconocido","0","0","0"
"reparacion de roofing","Otros","Transaccional","Baja","P3","/servicios-techos","0","Desconocido","0","0","0"
"reparacion de tejados y cubiertas","Core_Reparacion_Techos","Transaccional","Media","P1","/","0","Desconocido","0","0","0"
"reparación de tejados precios","Precios_Cotizacion","Comercial","Media","P2","/cotizacion-reparacion-techos","0","Desconocido","0","0","0"
"reparacion de goteras tejados azoteas canalones cubiertas impermeabilizaciones","Impermeabilizacion_Sellado","Transaccional","Media","P1","/impermeabilizacion-techos","0","Desconocido","0","0","0"
"empresas de reparación de tejados","B2B_Industrial","Transaccional","Alta","P1","/reparacion-techos-industriales","0","Desconocido","0","0","0"
"empresas impermeabilizacion tejados","B2B_Industrial","Transaccional","Alta","P1","/reparacion-techos-industriales","0","Desconocido","0","0","0"
"empresas para impermeabilizar techos","B2B_Industrial","Transaccional","Alta","P1","/reparacion-techos-industriales","0","Desconocido","0","0","0"
"arreglar filtraciones terraza","Goteras_Filtraciones_Humedad","Transaccional","Media","P1","/reparacion-goteras-filtraciones","0","Desconocido","0","0","0"
"como reparar humedades por filtracion","Goteras_Filtraciones_Humedad","Informacional","Media","P1","/reparacion-goteras-filtraciones","0","Desconocido","0","0","0"
"reparacion de goteras en naves industriales","B2B_Industrial","Transaccional","Alta","P1","/reparacion-techos-industriales","0","Desconocido","0","0","0"
"filtraciones de agua en tejados","Goteras_Filtraciones_Humedad","Transaccional","Media","P1","/reparacion-goteras-filtraciones","0","Desconocido","0","0","0"
"cambiar techo de uralita","Instalacion_Cambio_Cubierta","Transaccional","Media","P2","/cambio-cubiertas-techos","0","Desconocido","0","0","0"
"reparacion tejados naves industriales","B2B_Industrial","Transaccional","Alta","P1","/reparacion-techos-industriales","0","Desconocido","0","0","0"
"arreglar terraza goteras","Goteras_Filtraciones_Humedad","Transaccional","Media","P1","/reparacion-goteras-filtraciones","0","Desconocido","0","0","0"
"empresa reparacion goteras","B2B_Industrial","Transaccional","Alta","P1","/reparacion-techos-industriales","0","Desconocido","0","0","0"
"presupuesto para impermeabilizar un techo","Precios_Cotizacion","Comercial","Media","P2","/cotizacion-reparacion-techos","0","Desconocido","0","0","0"
"impermeabilizar tejado tejas","Impermeabilizacion_Sellado","Transaccional","Media","P1","/impermeabilizacion-techos","0","Desconocido","0","0","0"
"empresas reparacion de tejados","B2B_Industrial","Transaccional","Alta","P1","/reparacion-techos-industriales","0","Desconocido","0","0","0"
"como corregir filtraciones en techo de concreto","Goteras_Filtraciones_Humedad","Informacional","Media","P1","/reparacion-goteras-filtraciones","0","Desconocido","0","0","0"
"arreglar goteras en techo de chapa","Goteras_Filtraciones_Humedad","Transaccional","Media","P1","/reparacion-goteras-filtraciones","0","Desconocido","0","0","0"
"arreglar goteras terraza","Goteras_Filtraciones_Humedad","Transaccional","Media","P1","/reparacion-goteras-filtraciones","0","Desconocido","0","0","0"
"arreglo de filtraciones y goteras","Goteras_Filtraciones_Humedad","Transaccional","Media","P1","/reparacion-goteras-filtraciones","0","Desconocido","0","0","0"
"cambiar techo escayola","No_Relevante","Transaccional","Baja","P3","/","0","Desconocido","0","0","0"
"colocación de pladur en techo","No_Relevante","Transaccional","Baja","P3","/","0","Desconocido","0","0","0"
"como arreglar goteras de terraza","Goteras_Filtraciones_Humedad","Informacional","Media","P1","/reparacion-goteras-filtraciones","0","Desconocido","0","0","0"
"como arreglar goteras en techo de chapa","Goteras_Filtraciones_Humedad","Informacional","Media","P1","/reparacion-goteras-filtraciones","0","Desconocido","0","0","0"
"como arreglar humedad por filtracion","Goteras_Filtraciones_Humedad","Informacional","Media","P1","/reparacion-goteras-filtraciones","0","Desconocido","0","0","0"
"como arreglar humedades por filtracion","Goteras_Filtraciones_Humedad","Informacional","Media","P1","/reparacion-goteras-filtraciones","0","Desconocido","0","0","0"
"como arreglar una gotera en techo de chapa","Goteras_Filtraciones_Humedad","Informacional","Media","P1","/reparacion-goteras-filtraciones","0","Desconocido","0","0","0"
"como arreglar una terraza con filtraciones","Goteras_Filtraciones_Humedad","Informacional","Media","P1","/reparacion-goteras-filtraciones","0","Desconocido","0","0","0"
"como reparar filtraciones de agua en muros","Goteras_Filtraciones_Humedad","Informacional","Media","P1","/reparacion-goteras-filtraciones","0","Desconocido","0","0","0"
"como reparar goteras en techo de loza","Goteras_Filtraciones_Humedad","Informacional","Media","P1","/reparacion-goteras-filtraciones","0","Desconocido","0","0","0"
"como reparar goteras en terraza","Goteras_Filtraciones_Humedad","Informacional","Media","P1","/reparacion-goteras-filtraciones","0","Desconocido","0","0","0"
"como reparar goteras en un techo de lamina","Goteras_Filtraciones_Humedad","Informacional","Media","P1","/reparacion-goteras-filtraciones","0","Desconocido","0","0","0"
"como reparar terraza con goteras","Goteras_Filtraciones_Humedad","Informacional","Media","P1","/reparacion-goteras-filtraciones","0","Desconocido","0","0","0"
"como reparar una terraza con filtraciones","Goteras_Filtraciones_Humedad","Informacional","Media","P1","/reparacion-goteras-filtraciones","0","Desconocido","0","0","0"
"como sellar goteras en losa","Goteras_Filtraciones_Humedad","Informacional","Media","P1","/reparacion-goteras-filtraciones","0","Desconocido","0","0","0"
"corregir filtraciones techo","Goteras_Filtraciones_Humedad","Transaccional","Media","P1","/reparacion-goteras-filtraciones","0","Desconocido","0","0","0"
"cómo reparar goteras y humedades en el techo","Goteras_Filtraciones_Humedad","Transaccional","Media","P1","/reparacion-goteras-filtraciones","0","Desconocido","0","0","0"
"falso techo instalacion","No_Relevante","Transaccional","Baja","P3","/","0","Desconocido","0","0","0"
"goteras en el techo de chapa","Goteras_Filtraciones_Humedad","Transaccional","Media","P1","/reparacion-goteras-filtraciones","0","Desconocido","0","0","0"
"goteras en el techo solucion","Goteras_Filtraciones_Humedad","Transaccional","Media","P1","/reparacion-goteras-filtraciones","0","Desconocido","0","0","0"
"goteras en panel sandwich","Goteras_Filtraciones_Humedad","Transaccional","Media","P1","/reparacion-goteras-filtraciones","0","Desconocido","0","0","0"
"grietas en las paredes y techos","Otros","Transaccional","Baja","P3","/servicios-techos","0","Desconocido","0","0","0"
"impermeabilizacion de techos de madera","Impermeabilizacion_Sellado","Transaccional","Media","P1","/impermeabilizacion-techos","0","Desconocido","0","0","0"
"impermeabilizante para lámina precio","Precios_Cotizacion","Comercial","Media","P2","/cotizacion-reparacion-techos","0","Desconocido","0","0","0"
"impermeabilizar techo chapa","Impermeabilizacion_Sellado","Transaccional","Media","P1","/impermeabilizacion-techos","0","Desconocido","0","0","0"
"impermeabilizar techos de eternit","Impermeabilizacion_Sellado","Transaccional","Media","P1","/impermeabilizacion-techos","0","Desconocido","0","0","0"
"instalacion abanico de techo kdk","Instalacion_Cambio_Cubierta","Transaccional","Media","P2","/cambio-cubiertas-techos","0","Desconocido","0","0","0"
"instalacion de cubiertas en policarbonato","Instalacion_Cambio_Cubierta","Transaccional","Media","P2","/cambio-cubiertas-techos","0","Desconocido","0","0","0"
"instalacion de falso plafon","No_Relevante","Transaccional","Baja","P3","/","0","Desconocido","0","0","0"
"instalacion de pladur en techos","No_Relevante","Transaccional","Baja","P3","/","0","Desconocido","0","0","0"
"instalacion de plafon de tablaroca","No_Relevante","Transaccional","Baja","P3","/","0","Desconocido","0","0","0"
"instalacion de techo de chapa","Instalacion_Cambio_Cubierta","Transaccional","Media","P2","/cambio-cubiertas-techos","0","Desconocido","0","0","0"
"instalacion de techo de lamina","Instalacion_Cambio_Cubierta","Transaccional","Media","P2","/cambio-cubiertas-techos","0","Desconocido","0","0","0"
"instalacion de techos de aluminio","Instalacion_Cambio_Cubierta","Transaccional","Media","P2","/cambio-cubiertas-techos","0","Desconocido","0","0","0"
"instalacion de techos de lamina galvanizada","Instalacion_Cambio_Cubierta","Transaccional","Media","P2","/cambio-cubiertas-techos","0","Desconocido","0","0","0"
"instalacion de teja eternit","Instalacion_Cambio_Cubierta","Transaccional","Media","P2","/cambio-cubiertas-techos","0","Desconocido","0","0","0"
"instalacion domo policarbonato","Instalacion_Cambio_Cubierta","Transaccional","Media","P2","/cambio-cubiertas-techos","0","Desconocido","0","0","0"
"instalacion domos policarbonato","Instalacion_Cambio_Cubierta","Transaccional","Media","P2","/cambio-cubiertas-techos","0","Desconocido","0","0","0"
"instalacion falso techo desmontable","No_Relevante","Transaccional","Baja","P3","/","0","Desconocido","0","0","0"
"instalacion techo de chapa","Instalacion_Cambio_Cubierta","Transaccional","Media","P2","/cambio-cubiertas-techos","0","Desconocido","0","0","0"
"instalacion techo desmontable","Instalacion_Cambio_Cubierta","Transaccional","Media","P2","/cambio-cubiertas-techos","0","Desconocido","0","0","0"
"instalación de cielorrasos en pvc","Material_Tipo_Cubierta","Transaccional","Media","P3","/reparacion-por-tipo-de-cubierta","0","Desconocido","0","0","0"
"instalación durock techos","Otros","Transaccional","Baja","P3","/servicios-techos","0","Desconocido","0","0","0"
"instalación electrica en techo de machimbre","Otros","Transaccional","Baja","P3","/servicios-techos","0","Desconocido","0","0","0"
"instaladores de techos de lámina","Otros","Transaccional","Baja","P3","/servicios-techos","0","Desconocido","0","0","0"
"instalar claraboya en tejado","Instalacion_Cambio_Cubierta","Transaccional","Media","P2","/cambio-cubiertas-techos","0","Desconocido","0","0","0"
"instalar cubierta policarbonato","Instalacion_Cambio_Cubierta","Transaccional","Media","P2","/cambio-cubiertas-techos","0","Desconocido","0","0","0"
"instalar drywall techo","Instalacion_Cambio_Cubierta","Transaccional","Media","P2","/cambio-cubiertas-techos","0","Desconocido","0","0","0"
"instalar techos en pvc","Instalacion_Cambio_Cubierta","Transaccional","Media","P2","/cambio-cubiertas-techos","0","Desconocido","0","0","0"
"limpia techos precios","Precios_Cotizacion","Comercial","Media","P2","/cotizacion-reparacion-techos","0","Desconocido","0","0","0"
"limpiar polvo paredes y techos","Limpieza_Mantencion","Transaccional","Media","P2","/mantencion-techos-empresas","0","Desconocido","0","0","0"
"limpiar techo de carro","Limpieza_Mantencion","Transaccional","Media","P2","/mantencion-techos-empresas","0","Desconocido","0","0","0"
"limpiar techo para impermeabilizar","Impermeabilizacion_Sellado","Transaccional","Media","P1","/impermeabilizacion-techos","0","Desconocido","0","0","0"
"limpieza de falsos techos","Limpieza_Mantencion","Transaccional","Media","P2","/mantencion-techos-empresas","0","Desconocido","0","0","0"
"limpieza de techo para impermeabilizar","Impermeabilizacion_Sellado","Transaccional","Media","P1","/impermeabilizacion-techos","0","Desconocido","0","0","0"
"limpieza de techos de cristal","Limpieza_Mantencion","Transaccional","Media","P2","/mantencion-techos-empresas","0","Desconocido","0","0","0"
"limpieza de techos y paredes en un hotel","Limpieza_Mantencion","Transaccional","Media","P2","/mantencion-techos-empresas","0","Desconocido","0","0","0"
"limpieza mantención techos y canaletas","Canaletas_Drenaje","Transaccional","Media","P2","/limpieza-reparacion-canaletas","0","Desconocido","0","0","0"
"membranas para impermeabilizar azoteas","Impermeabilizacion_Sellado","Transaccional","Media","P1","/impermeabilizacion-techos","0","Desconocido","0","0","0"
"pladur instalacion","No_Relevante","Transaccional","Baja","P3","/","0","Desconocido","0","0","0"
"precio de instalacion de techos de lamina","Precios_Cotizacion","Comercial","Media","P2","/cotizacion-reparacion-techos","0","Desconocido","0","0","0"
"precio de limpieza de techos","Precios_Cotizacion","Comercial","Media","P2","/cotizacion-reparacion-techos","0","Desconocido","0","0","0"
"precio instalacion techo pladur","No_Relevante","Comercial","Baja","P3","/","0","Desconocido","0","0","0"
"precio instalacion techo pvc","Precios_Cotizacion","Comercial","Media","P2","/cotizacion-reparacion-techos","0","Desconocido","0","0","0"
"precio por impermeabilizar techo","Precios_Cotizacion","Comercial","Media","P2","/cotizacion-reparacion-techos","0","Desconocido","0","0","0"
"precio reparacion humedades","Precios_Cotizacion","Comercial","Media","P2","/cotizacion-reparacion-techos","0","Desconocido","0","0","0"
"precio techo pvc instalado","Precios_Cotizacion","Comercial","Media","P2","/cotizacion-reparacion-techos","0","Desconocido","0","0","0"
"presupuesto de impermeabilización de techos","Precios_Cotizacion","Comercial","Media","P2","/cotizacion-reparacion-techos","0","Desconocido","0","0","0"
"quitar goteras techo","Goteras_Filtraciones_Humedad","Transaccional","Media","P1","/reparacion-goteras-filtraciones","0","Desconocido","0","0","0"
"quitar goteras tejado","Goteras_Filtraciones_Humedad","Transaccional","Media","P1","/reparacion-goteras-filtraciones","0","Desconocido","0","0","0"
"remedios para goteras techo","Goteras_Filtraciones_Humedad","Transaccional","Media","P1","/reparacion-goteras-filtraciones","0","Desconocido","0","0","0"
"reparacion cubiertas y tejados","Core_Reparacion_Techos","Transaccional","Media","P1","/","0","Desconocido","0","0","0"
"reparacion de techos de tejas en capital federal","Core_Reparacion_Techos","Transaccional","Media","P1","/","0","Desconocido","0","0","0"
"reparacion de techos zona sur","Core_Reparacion_Techos","Transaccional","Media","P1","/","0","Desconocido","0","0","0"
"reparacion de tejados de chapa","Core_Reparacion_Techos","Transaccional","Media","P1","/","0","Desconocido","0","0","0"
"reparacion de tejados de teja","Core_Reparacion_Techos","Transaccional","Media","P1","/","0","Desconocido","0","0","0"
"reparador asfaltico para goteras","Goteras_Filtraciones_Humedad","Transaccional","Media","P1","/reparacion-goteras-filtraciones","0","Desconocido","0","0","0"
"reparador asfáltico para goteras","Goteras_Filtraciones_Humedad","Transaccional","Media","P1","/reparacion-goteras-filtraciones","0","Desconocido","0","0","0"
"reparar desconchado techo","Core_Reparacion_Techos","Transaccional","Media","P1","/","0","Desconocido","0","0","0"
"reparar falso techo","No_Relevante","Transaccional","Baja","P3","/","0","Desconocido","0","0","0"
"reparar goteras tejado tejas","Goteras_Filtraciones_Humedad","Transaccional","Media","P1","/reparacion-goteras-filtraciones","0","Desconocido","0","0","0"
"reparar pladur techo","No_Relevante","Transaccional","Baja","P3","/","0","Desconocido","0","0","0"
"reparar techo de losa","Core_Reparacion_Techos","Transaccional","Media","P1","/","0","Desconocido","0","0","0"
"sellar goteras tejados","Goteras_Filtraciones_Humedad","Transaccional","Media","P1","/reparacion-goteras-filtraciones","0","Desconocido","0","0","0"
"solucion para goteras en techo de chapa","Goteras_Filtraciones_Humedad","Transaccional","Media","P1","/reparacion-goteras-filtraciones","0","Desconocido","0","0","0"
"solucionar filtraciones techo","Goteras_Filtraciones_Humedad","Transaccional","Media","P1","/reparacion-goteras-filtraciones","0","Desconocido","0","0","0"
"tapar filtraciones en terrazas","Goteras_Filtraciones_Humedad","Transaccional","Media","P1","/reparacion-goteras-filtraciones","0","Desconocido","0","0","0"
"tapar goteras en eternit","Goteras_Filtraciones_Humedad","Transaccional","Media","P1","/reparacion-goteras-filtraciones","0","Desconocido","0","0","0"
"techos de madera impermeabilizacion","Impermeabilizacion_Sellado","Transaccional","Media","P1","/impermeabilizacion-techos","0","Desconocido","0","0","0"
"humedades y goteras","Goteras_Filtraciones_Humedad","Transaccional","Media","P1","/reparacion-goteras-filtraciones","0","Desconocido","0","0","0"
"limpieza de techos de naves industriales","B2B_Industrial","Transaccional","Alta","P1","/reparacion-techos-industriales","0","Desconocido","0","0","0"
"cambiar techo uralita","Instalacion_Cambio_Cubierta","Transaccional","Media","P2","/cambio-cubiertas-techos","0","Desconocido","0","0","0"
"limpieza falsos techos","Limpieza_Mantencion","Transaccional","Media","P2","/mantencion-techos-empresas","0","Desconocido","0","0","0"
"arreglar humedades por filtracion","Goteras_Filtraciones_Humedad","Transaccional","Media","P1","/reparacion-goteras-filtraciones","0","Desconocido","0","0","0"
"arreglar un tejado precio","Precios_Cotizacion","Comercial","Media","P2","/cotizacion-reparacion-techos","0","Desconocido","0","0","0"
"cambiar falso techo escayola","No_Relevante","Transaccional","Baja","P3","/","0","Desconocido","0","0","0"
"cambiar punto luz techo bovedilla","No_Relevante","Transaccional","Baja","P3","/","0","Desconocido","0","0","0"
"cambiar techo de teja por losa","Instalacion_Cambio_Cubierta","Transaccional","Media","P2","/cambio-cubiertas-techos","0","Desconocido","0","0","0"
"colocacion de falso plafon de tablaroca","No_Relevante","Transaccional","Baja","P3","/","0","Desconocido","0","0","0"
"colocacion ventilador techo","No_Relevante","Transaccional","Baja","P3","/","0","Desconocido","0","0","0"
"como corregir filtraciones en el techo","Goteras_Filtraciones_Humedad","Informacional","Media","P1","/reparacion-goteras-filtraciones","0","Desconocido","0","0","0"
"como reparar una losa con goteras","Goteras_Filtraciones_Humedad","Informacional","Media","P1","/reparacion-goteras-filtraciones","0","Desconocido","0","0","0"
"falso plafon instalacion","No_Relevante","Transaccional","Baja","P3","/","0","Desconocido","0","0","0"
"goteras cubiertas","Goteras_Filtraciones_Humedad","Transaccional","Media","P1","/reparacion-goteras-filtraciones","0","Desconocido","0","0","0"
"goteras panel sandwich","Goteras_Filtraciones_Humedad","Transaccional","Media","P1","/reparacion-goteras-filtraciones","0","Desconocido","0","0","0"
"goteras techo chapa","Goteras_Filtraciones_Humedad","Transaccional","Media","P1","/reparacion-goteras-filtraciones","0","Desconocido","0","0","0"
"goteras tejado comunidad","Goteras_Filtraciones_Humedad","Transaccional","Media","P1","/reparacion-goteras-filtraciones","0","Desconocido","0","0","0"
"goteras terraza privada","Goteras_Filtraciones_Humedad","Transaccional","Media","P1","/reparacion-goteras-filtraciones","0","Desconocido","0","0","0"
"goteras y humedades","Goteras_Filtraciones_Humedad","Transaccional","Media","P1","/reparacion-goteras-filtraciones","0","Desconocido","0","0","0"
"impermeabilizar tejado caseta madera","Impermeabilizacion_Sellado","Transaccional","Media","P1","/impermeabilizacion-techos","0","Desconocido","0","0","0"
"impermeabilizar tejado de chapa","Impermeabilizacion_Sellado","Transaccional","Media","P1","/impermeabilizacion-techos","0","Desconocido","0","0","0"
"impermeabilizar tejado madera","Impermeabilizacion_Sellado","Transaccional","Media","P1","/impermeabilizacion-techos","0","Desconocido","0","0","0"
"instalacion abanico de techo hampton bay","No_Relevante","Transaccional","Baja","P3","/","0","Desconocido","0","0","0"
"instalacion de abanico de techo kdk","Instalacion_Cambio_Cubierta","Transaccional","Media","P2","/cambio-cubiertas-techos","0","Desconocido","0","0","0"
"instalacion de abanico kdk","Instalacion_Cambio_Cubierta","Transaccional","Media","P2","/cambio-cubiertas-techos","0","Desconocido","0","0","0"
"instalacion de azoteas verdes","Instalacion_Cambio_Cubierta","Transaccional","Media","P2","/cambio-cubiertas-techos","0","Desconocido","0","0","0"
"instalacion de cielorrasos de pvc","Instalacion_Cambio_Cubierta","Transaccional","Media","P2","/cambio-cubiertas-techos","0","Desconocido","0","0","0"
"instalacion de cobertura tr4","Instalacion_Cambio_Cubierta","Transaccional","Media","P2","/cambio-cubiertas-techos","0","Desconocido","0","0","0"
"instalacion de cubiertas de chapa","Instalacion_Cambio_Cubierta","Transaccional","Media","P2","/cambio-cubiertas-techos","0","Desconocido","0","0","0"
"instalacion de cubiertas en eternit","Instalacion_Cambio_Cubierta","Transaccional","Media","P2","/cambio-cubiertas-techos","0","Desconocido","0","0","0"
"instalacion de durock en techos","Instalacion_Cambio_Cubierta","Transaccional","Media","P2","/cambio-cubiertas-techos","0","Desconocido","0","0","0"
"instalacion de falso plafon de tablaroca","No_Relevante","Transaccional","Baja","P3","/","0","Desconocido","0","0","0"
"instalacion de foamular en techos","Instalacion_Cambio_Cubierta","Transaccional","Media","P2","/cambio-cubiertas-techos","0","Desconocido","0","0","0"
"instalacion de lamina galvateja","Instalacion_Cambio_Cubierta","Transaccional","Media","P2","/cambio-cubiertas-techos","0","Desconocido","0","0","0"
"instalacion de lamina pintro","Instalacion_Cambio_Cubierta","Transaccional","Media","P2","/cambio-cubiertas-techos","0","Desconocido","0","0","0"
"instalacion de superboard en techo","Instalacion_Cambio_Cubierta","Transaccional","Media","P2","/cambio-cubiertas-techos","0","Desconocido","0","0","0"
"instalacion de tablaroca en techo","No_Relevante","Transaccional","Baja","P3","/","0","Desconocido","0","0","0"
"instalacion de techo de pladur","No_Relevante","Transaccional","Baja","P3","/","0","Desconocido","0","0","0"
"instalacion de techo eternit","Instalacion_Cambio_Cubierta","Transaccional","Media","P2","/cambio-cubiertas-techos","0","Desconocido","0","0","0"
"instalacion de teja shingle","Instalacion_Cambio_Cubierta","Transaccional","Media","P2","/cambio-cubiertas-techos","0","Desconocido","0","0","0"
"instalacion de ventilador de techo hampton bay","No_Relevante","Transaccional","Baja","P3","/","0","Desconocido","0","0","0"
"instalacion pladur techo","No_Relevante","Transaccional","Baja","P3","/","0","Desconocido","0","0","0"
"instalacion superboard techos","Instalacion_Cambio_Cubierta","Transaccional","Media","P2","/cambio-cubiertas-techos","0","Desconocido","0","0","0"
"instalacion ventilador hampton bay","No_Relevante","Transaccional","Baja","P3","/","0","Desconocido","0","0","0"
"instalación de tablaroca en techo","No_Relevante","Transaccional","Baja","P3","/","0","Desconocido","0","0","0"
"instalación de un abanico de techo","Otros","Transaccional","Baja","P3","/servicios-techos","0","Desconocido","0","0","0"
"instalación eléctrica en techo de viguetas","Otros","Transaccional","Baja","P3","/servicios-techos","0","Desconocido","0","0","0"
"instalar laminas para techo","Instalacion_Cambio_Cubierta","Transaccional","Media","P2","/cambio-cubiertas-techos","0","Desconocido","0","0","0"
"instalar plafon de tablaroca","No_Relevante","Transaccional","Baja","P3","/","0","Desconocido","0","0","0"
"instalar tablaroca en el techo","No_Relevante","Transaccional","Baja","P3","/","0","Desconocido","0","0","0"
"limpiar escayola techo","No_Relevante","Transaccional","Baja","P3","/","0","Desconocido","0","0","0"
"limpiar techo aluminio blanco","Limpieza_Mantencion","Transaccional","Media","P2","/mantencion-techos-empresas","0","Desconocido","0","0","0"
"limpiar techo cocina aluminio blanco","Limpieza_Mantencion","Transaccional","Media","P2","/mantencion-techos-empresas","0","Desconocido","0","0","0"
"limpiar techo tabaco","Limpieza_Mantencion","Transaccional","Media","P2","/mantencion-techos-empresas","0","Desconocido","0","0","0"
"limpieza de ventanas suelos paredes y techos","Limpieza_Mantencion","Transaccional","Media","P2","/mantencion-techos-empresas","0","Desconocido","0","0","0"
"limpieza falso techo","No_Relevante","Transaccional","Baja","P3","/","0","Desconocido","0","0","0"
"precio cambiar tejado panel sandwich","Precios_Cotizacion","Comercial","Media","P2","/cotizacion-reparacion-techos","0","Desconocido","0","0","0"
"precio colocacion pladur techo","No_Relevante","Comercial","Baja","P3","/","0","Desconocido","0","0","0"
"precio de colocacion de ventilador de techo","No_Relevante","Comercial","Baja","P3","/","0","Desconocido","0","0","0"
"precio reparar humedades","Precios_Cotizacion","Comercial","Media","P2","/cotizacion-reparacion-techos","0","Desconocido","0","0","0"
"reparacion de cielorrasos de yeso","Otros","Transaccional","Baja","P3","/servicios-techos","0","Desconocido","0","0","0"
"reparacion de cubiertas de chapa","Core_Reparacion_Techos","Transaccional","Media","P1","/","0","Desconocido","0","0","0"
"reparacion de grietas en azotea","Otros","Transaccional","Baja","P3","/servicios-techos","0","Desconocido","0","0","0"
"reparacion de techos de tejas zona norte","Core_Reparacion_Techos","Transaccional","Media","P1","/","0","Desconocido","0","0","0"
"reparacion de techos parabolicos","Core_Reparacion_Techos","Transaccional","Media","P1","/","0","Desconocido","0","0","0"
"reparacion de techos zona norte","Core_Reparacion_Techos","Transaccional","Media","P1","/","0","Desconocido","0","0","0"
"reparacion techos chapa","Core_Reparacion_Techos","Transaccional","Media","P1","/","0","Desconocido","0","0","0"
"reparar gotera claraboya","Goteras_Filtraciones_Humedad","Transaccional","Media","P1","/reparacion-goteras-filtraciones","0","Desconocido","0","0","0"
"reparar goteras en lamina","Goteras_Filtraciones_Humedad","Transaccional","Media","P1","/reparacion-goteras-filtraciones","0","Desconocido","0","0","0"
"reparar goteras tela asfaltica","Goteras_Filtraciones_Humedad","Transaccional","Media","P1","/reparacion-goteras-filtraciones","0","Desconocido","0","0","0"
"reparar techo de pladur","No_Relevante","Transaccional","Baja","P3","/","0","Desconocido","0","0","0"
"reparar techo de tejas francesas","Core_Reparacion_Techos","Transaccional","Media","P1","/","0","Desconocido","0","0","0"
"reparar terraza con goteras","Goteras_Filtraciones_Humedad","Transaccional","Media","P1","/reparacion-goteras-filtraciones","0","Desconocido","0","0","0"
"reparar tirol techo","Core_Reparacion_Techos","Transaccional","Media","P1","/","0","Desconocido","0","0","0"
"reparar uralita","Material_Tipo_Cubierta","Transaccional","Media","P3","/reparacion-por-tipo-de-cubierta","0","Desconocido","0","0","0"
"tapar goteras en uralita","Goteras_Filtraciones_Humedad","Transaccional","Media","P1","/reparacion-goteras-filtraciones","0","Desconocido","0","0","0"
"tejados cubiertas goteras","Goteras_Filtraciones_Humedad","Transaccional","Media","P1","/reparacion-goteras-filtraciones","0","Desconocido","0","0","0"
"tejados goteras","Goteras_Filtraciones_Humedad","Transaccional","Media","P1","/reparacion-goteras-filtraciones","0","Desconocido","0","0","0"
"tejados y goteras","Goteras_Filtraciones_Humedad","Transaccional","Media","P1","/reparacion-goteras-filtraciones","0","Desconocido","0","0","0"
"reparar filtracion","Goteras_Filtraciones_Humedad","Transaccional","Media","P1","/reparacion-goteras-filtraciones","0","Desconocido","0","0","0"
