Keyword,Currency,Avg. monthly searches,Cambio en los ˙ltimos tres meses,Cambio interanual,Competition,Competition (indexed value),Top of page bid (low range),Top of page bid (high range)
reparacion de techos,CLP,500,0%,0%,Medio,63,274,966
cambio de techos,CLP,500,0%,0%,Medio,62,235,738
limpieza de canaletas,CLP,500,900%,900%,Medio,49,226,610
impermeabilizacion techos,CLP,500,900%,0%,Alto,100,83,773
impermeabilizacion de techos,CLP,500,900%,900%,Alto,100,341,1214
goteras en el techo,CLP,500,0%,0%,Alto,81,341,1493
arreglo de techos,CLP,500,900%,0%,Alto,67,301,1073
reparacion techos,CLP,500,900%,0%,Alto,75,297,1046
tapa goteras techo,CLP,500,0%,0%,Alto,100,9,237
reparacion de techumbres,CLP,500,-90%,0%,Medio,52,250,832
reparar techos,CLP,500,900%,0%,Alto,75,297,1046
instalacion teja asfaltica,CLP,500,0%,0%,Bajo,29,130,550
impermeabilizacion techo,CLP,500,900%,0%,Alto,100,83,773
desague canaleta,CLP,500,0%,0%,Alto,99,41,313
goteras en techos,CLP,500,0%,0%,Alto,81,341,1493
impermeabilizaciˇn techos,CLP,500,900%,0%,Alto,100,83,773
instalar teja asfaltica,CLP,500,0%,0%,Bajo,29,130,550
tapa gotera para techo,CLP,500,0%,-90%,Alto,94,7,389
instalacion de techos,CLP,50,0%,0%,Medio,35,211,768
limpieza de techos,CLP,50,0%,0%,Medio,49,181,428
mantencion de techos,CLP,50,0%,0%,Alto,82,278,942
reparadores de techos,CLP,50,0%,0%,Medio,54,271,910
reparar goteras,CLP,50,0%,0%,Medio,43,,
impermeabilizar tejado,CLP,50,0%,-100%,Desconocido,,,
arreglo de humedades,CLP,50,?,?,Alto,86,,
reparar humedades por filtraciˇn,CLP,50,0%,-100%,Desconocido,,,
reparacion de techos cerca de mi,CLP,50,0%,0%,Medio,52,,
reparacion de tejados,CLP,50,0%,0%,Medio,62,,
reparacion de filtraciones de agua,CLP,50,0%,0%,Alto,88,889,4062
reparacion tejados,CLP,50,0%,0%,Alto,100,,
reparacion filtraciones agua,CLP,50,0%,0%,Alto,89,787,2225
reparacion de techos de casas,CLP,50,0%,0%,Alto,81,257,992
soluciones para filtraciones de agua en techos,CLP,50,-100%,-100%,Desconocido,,,
instaladores de ventiladores de techo,CLP,50,0%,-100%,Desconocido,,,
reparacion de goteras,CLP,50,?,0%,Alto,100,278,1597
arreglar goteras tejado,CLP,50,-100%,-100%,Desconocido,,,
arreglo de goteras en techos,CLP,50,0%,0%,Alto,68,327,2045
como arreglar una pared con humedad por filtraciˇn,CLP,50,?,?,Alto,86,,
arreglo techos,CLP,50,0%,0%,Alto,75,370,1862
reparar filtraciones de agua,CLP,50,0%,0%,Alto,100,,
reparacion de goteras en el techo,CLP,50,0%,0%,Alto,100,224,1124
reparaciˇn de techos precios,CLP,50,0%,0%,Alto,68,228,836
arreglar goteras tejado precio,CLP,50,0%,0%,Desconocido,,,
arreglo de tejados,CLP,50,0%,0%,Desconocido,,,
empresa reparacion humedades,CLP,50,0%,0%,Desconocido,,,
reparar goteras tejado,CLP,50,-100%,-100%,Desconocido,,,
arreglar filtraciones de agua,CLP,50,-100%,-100%,Desconocido,,,
reparacion goteras,CLP,50,?,0%,Alto,79,767,1682
limpieza de techos y canaletas,CLP,50,0%,0%,Medio,48,208,639
reparacion de humedades por filtracion,CLP,50,0%,0%,Desconocido,,,
arreglo tejados,CLP,50,?,?,Alto,100,,
goteras tejado,CLP,50,0%,-100%,Desconocido,,,
utensilios para limpiar paredes y techos,CLP,50,-100%,0%,Desconocido,,,
reparacion cubiertas naves industriales,CLP,50,0%,0%,Desconocido,,,
reparacion filtraciones,CLP,50,0%,?,Alto,84,796,2023
limpieza de canaletas de aguas lluvias,CLP,50,0%,0%,Bajo,25,229,383
impermeabilizar tejado de tejas,CLP,50,0%,0%,Desconocido,,,
arreglo de goteras,CLP,50,0%,0%,Alto,100,,
reparacion de terrazas filtraciones,CLP,50,0%,-100%,Desconocido,,,
impermeabilizaciˇn de techos precio,CLP,50,0%,0%,Alto,94,46,961
instaladores de techos de aluminio,CLP,50,0%,0%,Desconocido,,,
servicio de impermeabilizaciˇn de techos,CLP,50,?,0%,Bajo,0,,
limpieza de techos industriales,CLP,50,?,0%,Bajo,0,,
arreglar goteras,CLP,50,0%,0%,Alto,100,271,611
limpieza de canaletas precios,CLP,50,0%,0%,Medio,43,154,612
expertos en goteras,CLP,50,-100%,0%,Desconocido,,,
reparaciones de techo,CLP,50,0%,0%,Alto,82,437,1000
reparar terraza filtraciones agua,CLP,50,0%,0%,Desconocido,,,
especialistas en goteras,CLP,50,?,?,Alto,100,,
reparacion de cubiertas de naves industriales,CLP,50,0%,0%,Desconocido,,,
instalador ventilador techo,CLP,50,0%,0%,Bajo,31,,
instalaciˇn de techos de policarbonato,CLP,50,0%,0%,Alto,68,154,497
reparaciones de goteras y humedades,CLP,50,0%,0%,Desconocido,,,
lavado de techos a presiˇn,CLP,50,-100%,0%,Desconocido,,,
reparaciˇn de goteras en tejados,CLP,50,-100%,0%,Desconocido,,,
instalacion de policarbonato,CLP,50,0%,0%,Alto,70,148,747
instaladores de techos,CLP,50,0%,?,Bajo,21,,
reparar filtraciones de agua paredes,CLP,50,0%,0%,Alto,95,915,2943
limpieza canaletas,CLP,50,0%,0%,Medio,49,256,608
instaladores de techos de policarbonato,CLP,50,?,?,Alto,98,258,1068
reparacion de techos de naves industriales,CLP,50,?,?,Alto,86,,
impermeabilizar y aislar tejado,CLP,50,0%,0%,Desconocido,,,
reparacion de filtraciones,CLP,50,0%,0%,Medio,46,787,2787
cambio de techumbre,CLP,50,0%,-90%,Medio,62,259,580
reparaciˇn de techos de casas,CLP,50,0%,0%,Alto,81,257,992
instalacion de porcelanato,CLP,50,0%,0%,Alto,82,241,787
empresas de impermeabilizaciˇn de techos,CLP,50,?,?,Alto,100,,
reparacion techumbre,CLP,50,0%,0%,Medio,64,371,1686
eliminar filtraciones de agua,CLP,50,-100%,-100%,Desconocido,,,
reparaciˇn filtraciones techos,CLP,50,0%,?,Alto,91,246,1500
impermeabilizar cubierta,CLP,50,?,0%,Alto,86,,
instalacion de membrana asfaltica,CLP,50,0%,0%,Medio,64,262,1471
filtraciones terrazas reparaciˇn,CLP,50,0%,0%,Desconocido,,,
reparacion techos de tejas,CLP,50,0%,0%,Medio,64,199,596
instalacion membrana asfaltica,CLP,50,0%,0%,Medio,61,264,1200
reparacion de techos industriales,CLP,50,0%,0%,Alto,100,,
arreglo goteras,CLP,50,-100%,0%,Desconocido,,,
instalacion techo policarbonato,CLP,50,0%,0%,Medio,55,180,461
limpieza de techos precio,CLP,50,0%,0%,Desconocido,,,
como reparar una pared con humedad por filtraciˇn,CLP,50,0%,0%,Alto,100,,
reparar filtraciones tejado,CLP,50,-100%,0%,Desconocido,,,
como reparar filtraciones en techo de concreto,CLP,50,0%,0%,Alto,100,299,1153
tapar goteras,CLP,50,0%,0%,Alto,100,7,250
reparaciˇn de filtraciones en techos,CLP,50,?,?,Alto,100,,
arreglo de techumbres,CLP,50,0%,0%,Alto,76,265,1080
reparar filtracion de agua en pared,CLP,50,0%,0%,Alto,100,,
goteras en el techo de concreto,CLP,50,-100%,-100%,Desconocido,,,
limpieza de paredes y techos,CLP,50,0%,0%,Bajo,0,,
mantencion de techumbres,CLP,50,0%,0%,Medio,66,275,634
reparacion de filtraciones en paredes,CLP,50,0%,0%,Desconocido,,,
instalacion policarbonato,CLP,50,0%,0%,Medio,34,111,962
como reparar filtraciones de agua en terrazas,CLP,50,0%,0%,Desconocido,,,
precio de reparacion de techos,CLP,50,0%,0%,Desconocido,,,
impermeabilizante para tejas,CLP,50,0%,0%,Alto,98,116,305
arreglo techos de tejas,CLP,50,0%,0%,Alto,74,237,952
como sellar goteras en techo de lßmina,CLP,50,0%,0%,Desconocido,,,
arreglar techo casa,CLP,50,0%,0%,Medio,58,261,979
tapar filtraciones de agua,CLP,50,0%,0%,Alto,100,217,1718
tapar goteras techo,CLP,50,0%,0%,Alto,100,,
reparacion terrazas goteras,CLP,50,?,?,Alto,86,,
arreglar tejado con goteras,CLP,50,?,0%,Alto,93,,
como arreglar filtraciones de agua en la pared,CLP,50,-100%,0%,Desconocido,,,
techos de drywall,CLP,50,0%,0%,Bajo,0,,
cambio de techo de asbesto,CLP,50,0%,0%,Medio,61,256,999
reparacion de techos y canaletas,CLP,50,0%,0%,Alto,76,275,1415
arreglar goteras techo,CLP,50,0%,0%,Alto,100,,
reparaciˇn de techos de chapa,CLP,50,0%,0%,Desconocido,,,
impermeabilizar tejas,CLP,50,0%,0%,Alto,100,219,1115
reparacion de tejas rotas,CLP,50,0%,0%,Alto,100,,
servicio de limpieza de canaletas,CLP,50,0%,0%,Medio,63,217,636
reparacion de filtraciones en losas de concreto,CLP,50,0%,0%,Desconocido,,,
limpieza de entretechos,CLP,50,0%,0%,Bajo,26,267,1668
reparacion de techos de policarbonato,CLP,50,0%,0%,Alto,70,137,520
como reparar filtraciones de agua en paredes,CLP,50,0%,0%,Alto,100,250,1718
reparaciones techos,CLP,50,0%,0%,Alto,92,266,944
como arreglar filtraciones de agua en el techo,CLP,50,0%,0%,Alto,100,,
instalacion techo sandwich,CLP,50,0%,0%,Desconocido,,,
impermeabilizaciˇn de techos con poliuretano,CLP,50,0%,0%,Alto,86,,
arreglar filtraciones pared,CLP,50,0%,0%,Desconocido,,,
arreglar filtraciones,CLP,50,0%,0%,Desconocido,,,
tapar goteras techo zinc,CLP,50,0%,0%,Alto,100,,
reparar goteras desde el interior,CLP,50,0%,0%,Desconocido,,,
lavado de techos,CLP,50,0%,0%,Bajo,0,,
instalaciˇn de domos de policarbonato,CLP,50,0%,0%,Desconocido,,,
servicio de limpieza de techos,CLP,50,0%,-100%,Desconocido,,,
instalacion de laminas para techo,CLP,50,-100%,-100%,Desconocido,,,
impermeabilizante teja asfaltica,CLP,50,0%,0%,Alto,100,34,311
para tapar goteras,CLP,50,0%,0%,Alto,100,,
limpieza de techumbres,CLP,50,?,0%,Bajo,29,,
limpieza de canaletas en altura,CLP,50,0%,0%,Bajo,28,279,769
precio arreglar goteras tejado,CLP,50,0%,0%,Desconocido,,,
cambio de techos precios,CLP,50,0%,0%,Alto,71,,
tapar goteras en lamina,CLP,50,-100%,0%,Desconocido,,,
instalacion policarbonato alveolar,CLP,50,0%,0%,Medio,51,28,488
reparar techos con filtraciones,CLP,50,0%,?,Alto,100,,
reparar tejas rotas,CLP,50,-100%,-100%,Desconocido,,,
grietas en paredes y techos,CLP,50,0%,0%,Desconocido,,,
arreglar el techo de mi casa,CLP,50,?,0%,Alto,79,236,1123
arreglar filtraciones techos,CLP,50,?,?,Alto,100,,
arreglar gotera desde abajo,CLP,50,0%,0%,Desconocido,,,
arreglar techo ba˝o,CLP,50,0%,0%,Bajo,0,,
arreglar techo con goteras,CLP,50,0%,0%,Desconocido,,,
arreglar techo de chapa,CLP,50,0%,0%,Desconocido,,,
arreglar techo escayola,CLP,50,0%,0%,Desconocido,,,
arreglar tejas,CLP,50,0%,?,Alto,86,,
arreglar tejas rotas,CLP,50,0%,?,Alto,100,,
arreglar una gotera del techo,CLP,50,0%,0%,Desconocido,,,
arreglo de filtraciones,CLP,50,0%,?,Alto,100,,
arreglo techumbre,CLP,50,0%,0%,Alto,75,441,1594
arreglo techumbres,CLP,50,0%,0%,Alto,75,441,1594
cambiar chapas de techo,CLP,50,0%,?,Alto,71,,
cambiar el techo,CLP,50,0%,0%,Medio,58,233,485
cambiar falso techo,CLP,50,0%,-100%,Desconocido,,,
cambiar membrana techo,CLP,50,0%,0%,Desconocido,,,
cambiar techo,CLP,50,0%,0%,Medio,58,233,485
cambiar techo de chapa,CLP,50,0%,0%,Desconocido,,,
cambiar techo de chapa por losa,CLP,50,?,?,Bajo,0,,
cambiar techo de teja por chapa,CLP,50,?,?,Alto,100,,
cambiar techumbre,CLP,50,0%,0%,Medio,61,187,908
cambiar tejas por chapas,CLP,50,0%,0%,Desconocido,,,
cambiar tejas rotas,CLP,50,0%,0%,Medio,57,,
cambio de cubierta de techo,CLP,50,0%,0%,Bajo,24,,
cambio techo de asbesto,CLP,50,?,0%,Medio,54,358,836
canaleta acesco,CLP,50,0%,0%,Desconocido,,,
colocacion de techos,CLP,50,0%,0%,Bajo,0,,
colocaciˇn de policarbonato,CLP,50,0%,?,Bajo,11,,
colocaciˇn de techos de policarbonato,CLP,50,0%,-100%,Desconocido,,,
como arreglar filtracion de agua lluvia en la pared,CLP,50,?,0%,Alto,79,,
como arreglar goteras en techo de concreto,CLP,50,-100%,0%,Desconocido,,,
como arreglar techo con goteras,CLP,50,0%,0%,Alto,100,176,1225
como arreglar terraza con filtraciones,CLP,50,0%,0%,Desconocido,,,
como arreglar una filtracion de agua en el techo,CLP,50,?,0%,Alto,86,,
como arreglar una filtracion de agua en la pared,CLP,50,?,0%,Alto,100,,
como arreglar una pared con humedad por filtracion,CLP,50,?,?,Alto,86,,
como corregir filtraciones en paredes,CLP,50,0%,0%,Desconocido,,,
como eliminar filtraciones de agua en techo,CLP,50,0%,0%,Desconocido,,,
como eliminar goteras en techo de chapa,CLP,50,0%,0%,Desconocido,,,
como eliminar goteras en techo de concreto,CLP,50,0%,0%,Desconocido,,,
como reparar filtraciones de agua en el techo,CLP,50,-100%,-100%,Desconocido,,,
como reparar goteras del techo de concreto,CLP,50,-100%,0%,Desconocido,,,
como reparar goteras en el techo de concreto,CLP,50,-100%,0%,Desconocido,,,
como reparar goteras en techo de chapa,CLP,50,0%,0%,Desconocido,,,
como reparar las filtraciones de agua en el techo,CLP,50,0%,0%,Desconocido,,,
como reparar paredes con filtraciones de agua,CLP,50,0%,0%,Desconocido,,,
como reparar techos con filtraciones,CLP,50,0%,-100%,Desconocido,,,
como reparar un techo con filtraciones de agua,CLP,50,0%,0%,Desconocido,,,
como reparar una filtracion en la pared,CLP,50,?,0%,Alto,100,,
como reparar una gotera en el techo de cemento,CLP,50,0%,0%,Desconocido,,,
como reparar una pared con filtracion de agua,CLP,50,0%,0%,Desconocido,,,
como sellar goteras en el techo,CLP,50,-100%,0%,Desconocido,,,
como sellar goteras en techo de concreto,CLP,50,0%,?,Alto,100,,
drywall techo instalacion,CLP,50,0%,0%,Desconocido,,,
eliminar goteras,CLP,50,?,0%,Alto,100,,
eliminar goteras techo,CLP,50,0%,-100%,Desconocido,,,
evitar goteras techo,CLP,50,0%,0%,Desconocido,,,
filtracion en el techo,CLP,50,0%,?,Bajo,0,,
filtraciones en techos de tejas,CLP,50,0%,0%,Desconocido,,,
filtraciones tejado,CLP,50,?,?,Medio,43,,
gotera de agua en el techo,CLP,50,?,0%,Bajo,0,,
gotera techo de chapa,CLP,50,0%,0%,Desconocido,,,
gotera techo departamento,CLP,50,0%,0%,Alto,86,,
goteras como reparar,CLP,50,0%,-100%,Desconocido,,,
goteras de techo,CLP,50,0%,0%,Medio,57,,
goteras en techo de concreto,CLP,50,-100%,-100%,Desconocido,,,
goteras en techo de tejas,CLP,50,?,0%,Alto,100,,
goteras en tejado,CLP,50,0%,-100%,Desconocido,,,
goteras en tejado de tejas,CLP,50,0%,0%,Desconocido,,,
goteras en union de techos,CLP,50,-100%,0%,Desconocido,,,
goteras reparacion,CLP,50,?,0%,Alto,79,767,1682
goteras techo de tejas,CLP,50,?,0%,Alto,100,,
goteras tejados,CLP,50,0%,-100%,Desconocido,,,
goteras y filtraciones,CLP,50,?,?,Alto,86,,
hidrolavado de techos,CLP,50,-100%,0%,Desconocido,,,
impermeabilizacion de techos con membrana,CLP,50,0%,-100%,Desconocido,,,
impermeabilizacion de techos con poliuretano,CLP,50,0%,0%,Alto,86,,
impermeabilizacion de techos de lamina,CLP,50,0%,0%,Desconocido,,,
impermeabilizacion de techos de tejas,CLP,50,?,?,Alto,100,,
impermeabilizacion de techos membrana asfaltica,CLP,50,0%,?,Alto,71,,
impermeabilizacion de techumbres,CLP,50,?,?,Alto,100,,
impermeabilizacion en techos,CLP,50,0%,-100%,Desconocido,,,
impermeabilizacion goteras,CLP,50,0%,?,Alto,100,,
impermeabilizacion techos de chapa,CLP,50,0%,0%,Desconocido,,,
impermeabilizaciˇn de techos con manto asfßltico,CLP,50,0%,0%,Desconocido,,,
impermeabilizaciˇn de techos de chapa,CLP,50,-100%,0%,Desconocido,,,
impermeabilizante de tejas,CLP,50,0%,0%,Alto,100,136,468
impermeabilizante para techos de tejas,CLP,50,0%,0%,Alto,100,,
impermeabilizante teja,CLP,50,0%,0%,Alto,100,219,1115
impermeabilizar laminas de zinc,CLP,50,0%,0%,Desconocido,,,
impermeabilizar techo con pintura asfaltica,CLP,50,0%,0%,Desconocido,,,
impermeabilizar techo de hormigˇn,CLP,50,0%,0%,Desconocido,,,
impermeabilizar techo de lamina,CLP,50,0%,?,Alto,100,,
impermeabilizar techo de losa,CLP,50,0%,0%,Desconocido,,,
impermeabilizar techo de tejas,CLP,50,?,0%,Alto,100,,
impermeabilizar techo interior,CLP,50,0%,0%,Desconocido,,,
impermeabilizar techo losa,CLP,50,-100%,0%,Desconocido,,,
impermeabilizar techo por dentro,CLP,50,0%,0%,Desconocido,,,
impermeabilizar techos con poliuretano,CLP,50,?,0%,Alto,100,,
impermeabilizar techos de lamina,CLP,50,0%,0%,Desconocido,,,
impermeabilizar techos de tejas,CLP,50,?,0%,Alto,100,,
impermeabilizar techos precio,CLP,50,?,?,Alto,100,,
impermeabilizar teja asfaltica,CLP,50,0%,0%,Alto,100,33,727
impermeabilizar tejado por dentro,CLP,50,0%,0%,Desconocido,,,
impermeabilizar tejas de barro,CLP,50,0%,-100%,Desconocido,,,
impermeabilizar un techo,CLP,50,0%,0%,Medio,43,,
impermeabilizar un tejado,CLP,50,0%,0%,Desconocido,,,
instalacion abanicos de techo,CLP,50,0%,0%,Desconocido,,,
instalacion claraboya tejado,CLP,50,0%,0%,Desconocido,,,
instalacion cubierta policarbonato,CLP,50,-100%,-100%,Desconocido,,,
instalacion de aislante termico en techos,CLP,50,0%,0%,Alto,100,,
instalacion de canaletas en techos,CLP,50,-100%,-100%,Desconocido,,,
instalacion de cielos en pvc,CLP,50,0%,-100%,Desconocido,,,
instalacion de cielos rasos en pvc,CLP,50,0%,0%,Alto,86,,
instalacion de cubiertas de policarbonato,CLP,50,0%,0%,Desconocido,,,
instalacion de cubiertas metalicas,CLP,50,0%,0%,Desconocido,,,
instalacion de deck en techo,CLP,50,-100%,0%,Desconocido,,,
instalacion de drywall en techos,CLP,50,?,0%,Medio,43,,
instalacion de falso techo,CLP,50,?,?,Bajo,0,,
instalacion de fibra de vidrio en techos,CLP,50,0%,?,Bajo,0,,
instalacion de lamina de policarbonato,CLP,50,0%,?,Bajo,0,,
instalacion de machimbre en techo,CLP,50,-100%,0%,Desconocido,,,
instalacion de molduras de poliestireno,CLP,50,-100%,-100%,Desconocido,,,
instalacion de planchas de policarbonato,CLP,50,0%,0%,Bajo,20,,
instalacion de plastiteja,CLP,50,0%,0%,Desconocido,,,
instalacion de policarbonato alveolar,CLP,50,0%,0%,Medio,59,21,640
instalacion de policarbonato celular,CLP,50,-100%,0%,Desconocido,,,
instalacion de policarbonato ondulado,CLP,50,0%,0%,Bajo,0,,
instalacion de policarbonato precio,CLP,50,0%,0%,Desconocido,,,
instalacion de pvc en techos,CLP,50,-100%,-100%,Desconocido,,,
instalacion de shingle,CLP,50,0%,0%,Desconocido,,,
instalacion de techo aluzinc,CLP,50,-100%,0%,Desconocido,,,
instalacion de techo de calamina,CLP,50,0%,0%,Desconocido,,,
instalacion de techo en pvc,CLP,50,0%,0%,Bajo,25,,
instalacion de techos de madera,CLP,50,-100%,-100%,Desconocido,,,
instalacion de techumbre,CLP,50,0%,0%,Bajo,26,191,717
instalacion de tragaluz para techos,CLP,50,?,?,Medio,43,,
instalacion de ventilador,CLP,50,0%,0%,Bajo,10,,
instalacion de zinc ondulado,CLP,50,0%,0%,Bajo,1,,
instalacion electrica en techo,CLP,50,0%,0%,Desconocido,,,
instalacion electrica en techo de chapa,CLP,50,?,?,Bajo,0,,
instalacion electrica en techo de machimbre,CLP,50,?,?,Bajo,0,,
instalacion electrica en techo de madera,CLP,50,0%,0%,Bajo,0,,
instalacion electrica falso techo,CLP,50,?,?,Bajo,0,,
instalacion electrica por falso techo,CLP,50,0%,0%,Desconocido,,,
instalacion electrica techo,CLP,50,?,0%,Bajo,0,,
instalacion electrica techo de madera,CLP,50,?,?,Bajo,0,,
instalacion falso plafon,CLP,50,0%,0%,Desconocido,,,
instalacion falso techo,CLP,50,0%,0%,Desconocido,,,
instalacion falso techo pladur,CLP,50,0%,0%,Desconocido,,,
instalacion lamina alveolar policarbonato,CLP,50,?,?,Bajo,29,,
instalacion lamina policarbonato,CLP,50,0%,0%,Desconocido,,,
instalacion osb techumbre,CLP,50,0%,0%,Bajo,3,,
instalacion plafon techo,CLP,50,0%,0%,Bajo,19,,
instalacion plancha policarbonato alveolar,CLP,50,0%,0%,Alto,70,,
instalacion planchas de policarbonato,CLP,50,0%,0%,Alto,100,,
instalacion policarbonato celular,CLP,50,-100%,0%,Desconocido,,,
instalacion policarbonato ondulado,CLP,50,0%,0%,Medio,38,,
instalacion pvc techo,CLP,50,-100%,0%,Desconocido,,,
instalacion techo,CLP,50,0%,0%,Medio,54,178,672
instalacion techo asfaltico,CLP,50,0%,0%,Alto,76,354,703
instalacion techo de lamina,CLP,50,?,?,Bajo,0,,
instalacion techo en pvc,CLP,50,0%,0%,Desconocido,,,
instalacion techo falso,CLP,50,0%,0%,Desconocido,,,
instalacion techo madera,CLP,50,0%,0%,Desconocido,,,
instalacion techo panel sandwich,CLP,50,?,?,Alto,100,,
instalacion techo pvc precio,CLP,50,0%,0%,Desconocido,,,
instalacion techo zinc,CLP,50,0%,0%,Bajo,31,,
instalacion techumbre,CLP,50,0%,0%,Bajo,4,,
instalacion teja asfaltica sodimac,CLP,50,0%,-100%,Desconocido,,,
instalacion teja shingle,CLP,50,?,0%,Bajo,14,,
instalaciones de techos,CLP,50,0%,0%,Medio,35,211,768
instalaciˇn de abanico de techo,CLP,50,0%,0%,Desconocido,,,
instalaciˇn de canoas para techos,CLP,50,0%,?,Alto,71,,
instalaciˇn de laminas de policarbonato,CLP,50,?,?,Bajo,0,,
instalaciˇn de techo de zinc,CLP,50,0%,0%,Bajo,1,,
instalaciˇn de techos de lßmina,CLP,50,0%,-100%,Desconocido,,,
instalaciˇn de teja,CLP,50,0%,0%,Medio,46,194,591
instalaciˇn de teja asfßltica,CLP,50,0%,0%,Bajo,31,19,491
instalaciˇn elÚctrica por el techo,CLP,50,?,?,Bajo,0,,
instalaciˇn policarbonato,CLP,50,0%,0%,Medio,34,111,962
instalaciˇn policarbonato alveolar,CLP,50,0%,0%,Medio,51,28,488
instalaciˇn techo pvc,CLP,50,0%,0%,Bajo,17,,
instalador de techos,CLP,50,0%,0%,Alto,100,,
instalar lamina de policarbonato,CLP,50,?,?,Bajo,0,,
instalar lana de roca en techo,CLP,50,0%,0%,Desconocido,,,
instalar lona techo,CLP,50,0%,-100%,Desconocido,,,
instalar placas de policarbonato,CLP,50,?,?,Bajo,29,,
instalar plafon techo,CLP,50,0%,-100%,Desconocido,,,
instalar pvc techo,CLP,50,0%,0%,Desconocido,,,
instalar techo drywall,CLP,50,0%,0%,Desconocido,,,
instalar techo policarbonato,CLP,50,0%,0%,Bajo,17,,
instalar tejado panel sandwich,CLP,50,0%,0%,Desconocido,,,
instalar tragaluz techo,CLP,50,0%,0%,Medio,45,58,136
lavado de techo de carro,CLP,50,?,?,Bajo,0,,
lavado de techos a presion,CLP,50,-100%,0%,Desconocido,,,
lavado de techos de autos,CLP,50,0%,0%,Medio,40,,
lavado de techos de tejas,CLP,50,?,?,Alto,71,,
lavado techo de autos,CLP,50,0%,0%,Alto,100,,
limpia techo,CLP,50,0%,0%,Alto,99,156,443
limpiador de techo,CLP,50,0%,0%,Alto,100,,
limpiador de techos,CLP,50,0%,0%,Alto,100,,
limpiador de techos de autos,CLP,50,0%,0%,Alto,100,78,279
limpiador de techos y paredes,CLP,50,0%,0%,Alto,100,,
limpiadores de canaletas,CLP,50,0%,0%,Alto,86,,
limpiar canaletas techos,CLP,50,0%,0%,Alto,90,125,515
limpiar el techo,CLP,50,0%,0%,Desconocido,,,
limpiar el techo del carro,CLP,50,0%,0%,Desconocido,,,
limpiar paredes y techos,CLP,50,?,?,Alto,100,,
limpiar techo carro,CLP,50,0%,0%,Desconocido,,,
limpiar techo desmontable escayola,CLP,50,0%,0%,Desconocido,,,
limpiar techo policarbonato,CLP,50,?,?,Bajo,0,,
limpiar techos con vaporeta,CLP,50,0%,0%,Desconocido,,,
limpiar techos y paredes,CLP,50,0%,0%,Desconocido,,,
limpiar tejas,CLP,50,0%,0%,Bajo,0,,
limpiar tejas con hidrolavadora,CLP,50,0%,0%,Desconocido,,,
limpieza canaletas techos,CLP,50,0%,0%,Alto,90,125,515
limpieza de cielo raso,CLP,50,0%,?,Bajo,0,,
limpieza de techos con hidrolavadora,CLP,50,?,?,Alto,100,,
limpieza de techos de cocina,CLP,50,0%,0%,Desconocido,,,
limpieza de techos de policarbonato,CLP,50,0%,0%,Bajo,0,,
limpieza de techos de tejas,CLP,50,?,0%,Bajo,0,,
limpieza de techos y azoteas,CLP,50,0%,0%,Desconocido,,,
limpieza de tejas precio por metro cuadrado,CLP,50,?,0%,Medio,48,229,410
limpieza techo,CLP,50,0%,0%,Alto,99,156,443
lo mejor para impermeabilizar techos,CLP,50,0%,0%,Desconocido,,,
maestro reparador de techos,CLP,50,0%,0%,Medio,65,148,2269
mantenimiento de techos de policarbonato,CLP,50,?,?,Alto,86,355,2891
mantenimiento techos,CLP,50,0%,0%,Bajo,0,,
membrana de techo,CLP,50,0%,0%,Alto,100,25,309
membranas para impermeabilizar techos,CLP,50,0%,0%,Medio,50,,
para goteras techo,CLP,50,0%,0%,Desconocido,,,
para impermeabilizar techos,CLP,50,?,0%,Alto,100,,
para las goteras del techo,CLP,50,-100%,0%,Desconocido,,,
para tapar goteras techo,CLP,50,0%,0%,Desconocido,,,
parche para tapar goteras,CLP,50,0%,0%,Alto,100,,
pintura para impermeabilizar tejados,CLP,50,?,?,Alto,100,,
poliuretano para impermeabilizar techos,CLP,50,-100%,0%,Desconocido,,,
precio cambio de techo,CLP,50,0%,0%,Medio,43,,
precio de instalacion de teja asfaltica,CLP,50,0%,0%,Medio,33,,
precio de instalacion de ventilador de techo,CLP,50,?,0%,Bajo,7,,
precio de instalaciˇn de policarbonato,CLP,50,?,0%,Bajo,0,,
precio impermeabilizacion por m2,CLP,50,?,?,Alto,100,,
precio impermeabilizar techo,CLP,50,?,?,Alto,100,,
precio instalacion falso techo pladur,CLP,50,0%,0%,Desconocido,,,
precio instalacion teja asfaltica,CLP,50,0%,0%,Bajo,17,,
precio instalaciˇn policarbonato,CLP,50,0%,0%,Desconocido,,,
precio limpieza de canaletas,CLP,50,-100%,-100%,Desconocido,,,
precio para impermeabilizar techo,CLP,50,0%,?,Medio,43,,
productos para limpiar el techo del carro,CLP,50,-100%,0%,Desconocido,,,
quitar goteras,CLP,50,-100%,0%,Desconocido,,,
reparacion cielorraso yeso,CLP,50,?,?,Alto,100,114,653
reparacion de grietas en techos,CLP,50,0%,0%,Desconocido,,,
reparacion de membranas para techos,CLP,50,0%,0%,Desconocido,,,
reparacion de techos de aluminio,CLP,50,0%,0%,Desconocido,,,
reparacion de techos de lamina,CLP,50,0%,0%,Desconocido,,,
reparacion de techos de loza,CLP,50,0%,0%,Desconocido,,,
reparacion de techos de madera,CLP,50,-100%,-100%,Desconocido,,,
reparacion de techos de tejas zona oeste,CLP,50,0%,0%,Desconocido,,,
reparacion de techos de tejas zona sur,CLP,50,-100%,0%,Desconocido,,,
reparacion de techos de zinc,CLP,50,0%,0%,Alto,86,217,659
reparacion de techos interiores,CLP,50,-100%,-100%,Desconocido,,,
reparacion de techos puente alto,CLP,50,?,?,Alto,67,,
reparacion gotera,CLP,50,?,0%,Alto,79,767,1682
reparacion goteras techo,CLP,50,0%,?,Alto,90,599,1078
reparacion techo escayola,CLP,50,0%,0%,Desconocido,,,
reparacion techo policarbonato,CLP,50,-100%,-100%,Desconocido,,,
reparacion techo tejas,CLP,50,0%,0%,Medio,57,346,927
reparacion techos de policarbonato,CLP,50,0%,0%,Alto,70,137,520
reparacion techos de tejas coloniales,CLP,50,0%,0%,Alto,86,246,1386
reparacion techos policarbonato,CLP,50,-100%,-100%,Desconocido,,,
reparacion techos policarbonato capital federal,CLP,50,?,?,Bajo,0,,
reparaciˇn de techos de edificios,CLP,50,0%,?,Bajo,29,,
reparaciˇn de techos de lßmina,CLP,50,0%,0%,Desconocido,,,
reparador de goteras en spray,CLP,50,0%,0%,Desconocido,,,
reparador de grietas en techos,CLP,50,0%,-100%,Desconocido,,,
reparar cielorraso,CLP,50,0%,-100%,Desconocido,,,
reparar el techo dela casa,CLP,50,0%,0%,Desconocido,,,
reparar escayola techo,CLP,50,0%,0%,Desconocido,,,
reparar filtraciones de agua azoteas,CLP,50,0%,?,Alto,100,,
reparar filtraciones en losa,CLP,50,0%,0%,Desconocido,,,
reparar gotera techo,CLP,50,0%,0%,Alto,100,,
reparar goteras en el techo,CLP,50,0%,0%,Alto,100,,
reparar goteras en losa,CLP,50,0%,0%,Desconocido,,,
reparar goteras techo chapa,CLP,50,0%,0%,Desconocido,,,
reparar goteras techo concreto,CLP,50,0%,0%,Desconocido,,,
reparar goteras terraza,CLP,50,0%,0%,Desconocido,,,
reparar grietas en techos de cemento,CLP,50,0%,0%,Desconocido,,,
reparar humedad en techo,CLP,50,0%,0%,Desconocido,,,
reparar humedad por filtracion,CLP,50,0%,-100%,Desconocido,,,
reparar losa con filtraciones,CLP,50,0%,0%,Desconocido,,,
reparar membrana techo,CLP,50,0%,-100%,Desconocido,,,
reparar paredes con filtraciones de agua,CLP,50,0%,0%,Desconocido,,,
reparar techo con cemento,CLP,50,0%,?,Medio,43,,
reparar techo con goteras,CLP,50,-100%,0%,Desconocido,,,
reparar techo de cemento,CLP,50,0%,0%,Desconocido,,,
reparar techo de chapa,CLP,50,0%,0%,Desconocido,,,
reparar techo de madera,CLP,50,0%,-100%,Desconocido,,,
reparar techo escayola ba˝o,CLP,50,0%,0%,Desconocido,,,
reparar techo fibra de vidrio,CLP,50,0%,0%,Desconocido,,,
reparar techo humedad,CLP,50,0%,0%,Desconocido,,,
reparar techo policarbonato,CLP,50,-100%,0%,Desconocido,,,
reparar techo por humedad,CLP,50,0%,?,Medio,48,,
reparar techo yeso,CLP,50,0%,0%,Desconocido,,,
reparar techo zinc,CLP,50,0%,?,Alto,100,,
reparar tejado de tejas,CLP,50,?,?,Alto,100,,
reparar tejado tejas,CLP,50,-100%,0%,Desconocido,,,
restauracion de techos,CLP,50,0%,0%,Bajo,29,,
se llueve el techo,CLP,50,0%,0%,Alto,86,231,566
se puede impermeabilizar un techo de lamina,CLP,50,0%,0%,Desconocido,,,
sellar goteras en losas de concreto,CLP,50,0%,0%,Desconocido,,,
sellar goteras techo,CLP,50,0%,0%,Alto,86,,
sellar tejas rotas,CLP,50,0%,0%,Desconocido,,,
sistema de impermeabilizacion de techos,CLP,50,0%,0%,Desconocido,,,
solucion goteras techo,CLP,50,-100%,0%,Desconocido,,,
solucion goteras techo de chapa,CLP,50,-100%,0%,Desconocido,,,
solucion goteras tejados,CLP,50,0%,0%,Desconocido,,,
solucion para filtracion agua techo,CLP,50,0%,0%,Desconocido,,,
solucion para goteras en el techo,CLP,50,0%,0%,Desconocido,,,
solucion rapida para goteras en el techo,CLP,50,0%,-100%,Desconocido,,,
solucionar goteras,CLP,50,?,?,Alto,100,,
solucionar goteras en techo,CLP,50,0%,0%,Desconocido,,,
solucionar goteras en techo de chapa,CLP,50,0%,0%,Desconocido,,,
soluciones para goteras,CLP,50,-100%,0%,Desconocido,,,
soluciones para goteras en tejados,CLP,50,0%,0%,Desconocido,,,
tapa fisuras,CLP,50,0%,0%,Alto,100,,
tapa goteras techo de chapa,CLP,50,?,?,Bajo,0,,
tapar agujeros en chapa de zinc,CLP,50,0%,0%,Bajo,0,,
tapar filtraciones en el techo,CLP,50,0%,-100%,Desconocido,,,
tapar gotera techo,CLP,50,0%,0%,Alto,100,,
tapar goteras con cemento,CLP,50,0%,0%,Desconocido,,,
tapar goteras del techo,CLP,50,0%,0%,Desconocido,,,
tapar goteras desde el interior,CLP,50,0%,0%,Desconocido,,,
tapar goteras en techo de chapa,CLP,50,0%,0%,Desconocido,,,
tapar goteras en techo de lamina,CLP,50,0%,0%,Desconocido,,,
tapar goteras en techo de madera,CLP,50,0%,0%,Desconocido,,,
tapar goteras por dentro,CLP,50,0%,0%,Alto,100,,
tapar goteras techo concreto,CLP,50,0%,0%,Desconocido,,,
tapar goteras tejado,CLP,50,0%,0%,Desconocido,,,
tapar una gotera techo,CLP,50,0%,0%,Desconocido,,,
techo reparacion,CLP,50,0%,0%,Alto,100,,
techos de tejas reparaciones,CLP,50,0%,0%,Medio,64,199,596
techos pvc instalacion,CLP,50,0%,0%,Bajo,17,,
techos verdes instalacion,CLP,50,0%,-100%,Desconocido,,,
teja shingle instalacion,CLP,50,0%,0%,Bajo,9,,
teja shingle instalaciˇn,CLP,50,0%,0%,Bajo,9,,
tela para tapar goteras,CLP,50,?,?,Alto,100,,
tengo una gotera en el techo,CLP,50,0%,0%,Desconocido,,,
tipos de impermeabilizacion de techos,CLP,50,0%,0%,Desconocido,,,
utensilios para limpiar techos altos,CLP,50,0%,0%,Desconocido,,,
ventilador de techo halux instalacion,CLP,50,0%,0%,Bajo,3,,
ventilador halux instalacion,CLP,50,0%,0%,Bajo,0,,
arreglar humedades precio,CLP,0,0%,0%,Desconocido,,,
reparacion de roofing,CLP,0,0%,0%,Desconocido,,,
reparacion de tejados y cubiertas,CLP,0,0%,-100%,Desconocido,,,
reparaciˇn de tejados precios,CLP,0,0%,0%,Desconocido,,,
reparacion de goteras tejados azoteas canalones cubiertas impermeabilizaciones,CLP,0,0%,0%,Desconocido,,,
empresas de reparaciˇn de tejados,CLP,0,0%,0%,Desconocido,,,
empresas impermeabilizacion tejados,CLP,0,0%,0%,Desconocido,,,
empresas para impermeabilizar techos,CLP,0,0%,0%,Desconocido,,,
arreglar filtraciones terraza,CLP,0,0%,0%,Desconocido,,,
como reparar humedades por filtracion,CLP,0,0%,0%,Desconocido,,,
reparacion de goteras en naves industriales,CLP,0,0%,0%,Desconocido,,,
filtraciones de agua en tejados,CLP,0,0%,0%,Desconocido,,,
cambiar techo de uralita,CLP,0,0%,0%,Desconocido,,,
reparacion tejados naves industriales,CLP,0,0%,0%,Desconocido,,,
arreglar terraza goteras,CLP,0,0%,0%,Desconocido,,,
empresa reparacion goteras,CLP,0,0%,0%,Desconocido,,,
presupuesto para impermeabilizar un techo,CLP,0,0%,0%,Desconocido,,,
impermeabilizar tejado tejas,CLP,0,0%,0%,Desconocido,,,
empresas reparacion de tejados,CLP,0,0%,0%,Desconocido,,,
como corregir filtraciones en techo de concreto,CLP,0,0%,0%,Desconocido,,,
arreglar goteras en techo de chapa,CLP,0,0%,0%,Desconocido,,,
arreglar goteras terraza,CLP,0,0%,0%,Desconocido,,,
arreglo de filtraciones y goteras,CLP,0,0%,0%,Desconocido,,,
cambiar techo escayola,CLP,0,0%,0%,Desconocido,,,
colocaciˇn de pladur en techo,CLP,0,0%,0%,Desconocido,,,
como arreglar goteras de terraza,CLP,0,0%,0%,Desconocido,,,
como arreglar goteras en techo de chapa,CLP,0,0%,0%,Desconocido,,,
como arreglar humedad por filtracion,CLP,0,0%,0%,Desconocido,,,
como arreglar humedades por filtracion,CLP,0,0%,0%,Desconocido,,,
como arreglar una gotera en techo de chapa,CLP,0,0%,0%,Desconocido,,,
como arreglar una terraza con filtraciones,CLP,0,0%,0%,Desconocido,,,
como reparar filtraciones de agua en muros,CLP,0,0%,0%,Desconocido,,,
como reparar goteras en techo de loza,CLP,0,0%,0%,Desconocido,,,
como reparar goteras en terraza,CLP,0,0%,0%,Desconocido,,,
como reparar goteras en un techo de lamina,CLP,0,0%,0%,Desconocido,,,
como reparar terraza con goteras,CLP,0,0%,0%,Desconocido,,,
como reparar una terraza con filtraciones,CLP,0,0%,0%,Desconocido,,,
como sellar goteras en losa,CLP,0,0%,0%,Desconocido,,,
corregir filtraciones techo,CLP,0,0%,0%,Desconocido,,,
cˇmo reparar goteras y humedades en el techo,CLP,0,0%,0%,Desconocido,,,
falso techo instalacion,CLP,0,0%,0%,Desconocido,,,
goteras en el techo de chapa,CLP,0,0%,0%,Desconocido,,,
goteras en el techo solucion,CLP,0,0%,0%,Desconocido,,,
goteras en panel sandwich,CLP,0,0%,0%,Desconocido,,,
grietas en las paredes y techos,CLP,0,0%,0%,Desconocido,,,
impermeabilizacion de techos de madera,CLP,0,0%,0%,Desconocido,,,
impermeabilizante para lßmina precio,CLP,0,0%,0%,Desconocido,,,
impermeabilizar techo chapa,CLP,0,0%,0%,Desconocido,,,
impermeabilizar techos de eternit,CLP,0,0%,0%,Desconocido,,,
instalacion abanico de techo kdk,CLP,0,0%,0%,Desconocido,,,
instalacion de cubiertas en policarbonato,CLP,0,0%,0%,Desconocido,,,
instalacion de falso plafon,CLP,0,0%,0%,Desconocido,,,
instalacion de pladur en techos,CLP,0,0%,0%,Desconocido,,,
instalacion de plafon de tablaroca,CLP,0,0%,0%,Desconocido,,,
instalacion de techo de chapa,CLP,0,0%,0%,Desconocido,,,
instalacion de techo de lamina,CLP,0,0%,0%,Desconocido,,,
instalacion de techos de aluminio,CLP,0,0%,0%,Desconocido,,,
instalacion de techos de lamina galvanizada,CLP,0,0%,0%,Desconocido,,,
instalacion de teja eternit,CLP,0,0%,0%,Desconocido,,,
instalacion domo policarbonato,CLP,0,0%,0%,Desconocido,,,
instalacion domos policarbonato,CLP,0,0%,0%,Desconocido,,,
instalacion falso techo desmontable,CLP,0,0%,0%,Desconocido,,,
instalacion techo de chapa,CLP,0,0%,0%,Desconocido,,,
instalacion techo desmontable,CLP,0,0%,0%,Desconocido,,,
instalaciˇn de cielorrasos en pvc,CLP,0,0%,0%,Desconocido,,,
instalaciˇn durock techos,CLP,0,0%,0%,Desconocido,,,
instalaciˇn electrica en techo de machimbre,CLP,0,0%,0%,Desconocido,,,
instaladores de techos de lßmina,CLP,0,0%,0%,Desconocido,,,
instalar claraboya en tejado,CLP,0,0%,0%,Desconocido,,,
instalar cubierta policarbonato,CLP,0,0%,0%,Desconocido,,,
instalar drywall techo,CLP,0,0%,0%,Desconocido,,,
instalar techos en pvc,CLP,0,0%,0%,Desconocido,,,
limpia techos precios,CLP,0,0%,0%,Desconocido,,,
limpiar polvo paredes y techos,CLP,0,0%,0%,Desconocido,,,
limpiar techo de carro,CLP,0,0%,0%,Desconocido,,,
limpiar techo para impermeabilizar,CLP,0,0%,0%,Desconocido,,,
limpieza de falsos techos,CLP,0,0%,0%,Desconocido,,,
limpieza de techo para impermeabilizar,CLP,0,0%,0%,Desconocido,,,
limpieza de techos de cristal,CLP,0,0%,0%,Desconocido,,,
limpieza de techos y paredes en un hotel,CLP,0,0%,0%,Desconocido,,,
limpieza mantenciˇn techos y canaletas,CLP,0,0%,0%,Desconocido,,,
membranas para impermeabilizar azoteas,CLP,0,0%,0%,Desconocido,,,
pladur instalacion,CLP,0,0%,0%,Desconocido,,,
precio de instalacion de techos de lamina,CLP,0,0%,0%,Desconocido,,,
precio de limpieza de techos,CLP,0,0%,0%,Desconocido,,,
precio instalacion techo pladur,CLP,0,0%,0%,Desconocido,,,
precio instalacion techo pvc,CLP,0,0%,0%,Desconocido,,,
precio por impermeabilizar techo,CLP,0,0%,0%,Desconocido,,,
precio reparacion humedades,CLP,0,0%,0%,Desconocido,,,
precio techo pvc instalado,CLP,0,0%,0%,Desconocido,,,
presupuesto de impermeabilizaciˇn de techos,CLP,0,0%,0%,Desconocido,,,
quitar goteras techo,CLP,0,0%,0%,Desconocido,,,
quitar goteras tejado,CLP,0,0%,0%,Desconocido,,,
remedios para goteras techo,CLP,0,0%,-100%,Desconocido,,,
reparacion cubiertas y tejados,CLP,0,0%,0%,Desconocido,,,
reparacion de techos de tejas en capital federal,CLP,0,0%,0%,Desconocido,,,
reparacion de techos zona sur,CLP,0,0%,-100%,Desconocido,,,
reparacion de tejados de chapa,CLP,0,0%,0%,Desconocido,,,
reparacion de tejados de teja,CLP,0,0%,0%,Desconocido,,,
reparador asfaltico para goteras,CLP,0,0%,0%,Desconocido,,,
reparador asfßltico para goteras,CLP,0,0%,0%,Desconocido,,,
reparar desconchado techo,CLP,0,0%,0%,Desconocido,,,
reparar falso techo,CLP,0,0%,0%,Desconocido,,,
reparar goteras tejado tejas,CLP,0,0%,0%,Desconocido,,,
reparar pladur techo,CLP,0,0%,0%,Desconocido,,,
reparar techo de losa,CLP,0,0%,0%,Desconocido,,,
sellar goteras tejados,CLP,0,0%,0%,Desconocido,,,
solucion para goteras en techo de chapa,CLP,0,0%,0%,Desconocido,,,
solucionar filtraciones techo,CLP,0,0%,0%,Desconocido,,,
tapar filtraciones en terrazas,CLP,0,0%,0%,Desconocido,,,
tapar goteras en eternit,CLP,0,0%,0%,Desconocido,,,
techos de madera impermeabilizacion,CLP,0,0%,0%,Desconocido,,,
humedades y goteras,CLP,, --, --,Desconocido,,,
limpieza de techos de naves industriales,CLP,, --, --,Desconocido,,,
cambiar techo uralita,CLP,, --, --,Desconocido,,,
limpieza falsos techos,CLP,, --, --,Desconocido,,,
arreglar humedades por filtracion,CLP,, --, --,Desconocido,,,
arreglar un tejado precio,CLP,, --, --,Desconocido,,,
cambiar falso techo escayola,CLP,, --, --,Desconocido,,,
cambiar punto luz techo bovedilla,CLP,, --, --,Desconocido,,,
cambiar techo de teja por losa,CLP,, --, --,Desconocido,,,
colocacion de falso plafon de tablaroca,CLP,, --, --,Desconocido,,,
colocacion ventilador techo,CLP,, --, --,Desconocido,,,
como corregir filtraciones en el techo,CLP,, --, --,Desconocido,,,
como reparar una losa con goteras,CLP,, --, --,Desconocido,,,
falso plafon instalacion,CLP,, --, --,Desconocido,,,
goteras cubiertas,CLP,, --, --,Desconocido,,,
goteras panel sandwich,CLP,, --, --,Desconocido,,,
goteras techo chapa,CLP,, --, --,Desconocido,,,
goteras tejado comunidad,CLP,, --, --,Desconocido,,,
goteras terraza privada,CLP,, --, --,Desconocido,,,
goteras y humedades,CLP,, --, --,Desconocido,,,
impermeabilizar tejado caseta madera,CLP,, --, --,Desconocido,,,
impermeabilizar tejado de chapa,CLP,, --, --,Desconocido,,,
impermeabilizar tejado madera,CLP,, --, --,Desconocido,,,
instalacion abanico de techo hampton bay,CLP,, --, --,Desconocido,,,
instalacion de abanico de techo kdk,CLP,, --, --,Desconocido,,,
instalacion de abanico kdk,CLP,, --, --,Desconocido,,,
instalacion de azoteas verdes,CLP,, --, --,Desconocido,,,
instalacion de cielorrasos de pvc,CLP,, --, --,Desconocido,,,
instalacion de cobertura tr4,CLP,, --, --,Desconocido,,,
instalacion de cubiertas de chapa,CLP,, --, --,Desconocido,,,
instalacion de cubiertas en eternit,CLP,, --, --,Desconocido,,,
instalacion de durock en techos,CLP,, --, --,Desconocido,,,
instalacion de falso plafon de tablaroca,CLP,, --, --,Desconocido,,,
instalacion de foamular en techos,CLP,, --, --,Desconocido,,,
instalacion de lamina galvateja,CLP,, --, --,Desconocido,,,
instalacion de lamina pintro,CLP,, --, --,Desconocido,,,
instalacion de superboard en techo,CLP,, --, --,Desconocido,,,
instalacion de tablaroca en techo,CLP,, --, --,Desconocido,,,
instalacion de techo de pladur,CLP,, --, --,Desconocido,,,
instalacion de techo eternit,CLP,, --, --,Desconocido,,,
instalacion de teja shingle,CLP,, --, --,Desconocido,,,
instalacion de ventilador de techo hampton bay,CLP,, --, --,Desconocido,,,
instalacion pladur techo,CLP,, --, --,Desconocido,,,
instalacion superboard techos,CLP,, --, --,Desconocido,,,
instalacion ventilador hampton bay,CLP,, --, --,Desconocido,,,
instalaciˇn de tablaroca en techo,CLP,, --, --,Desconocido,,,
instalaciˇn de un abanico de techo,CLP,, --, --,Desconocido,,,
instalaciˇn elÚctrica en techo de viguetas,CLP,, --, --,Desconocido,,,
instalar laminas para techo,CLP,, --, --,Desconocido,,,
instalar plafon de tablaroca,CLP,, --, --,Desconocido,,,
instalar tablaroca en el techo,CLP,, --, --,Desconocido,,,
limpiar escayola techo,CLP,, --, --,Desconocido,,,
limpiar techo aluminio blanco,CLP,, --, --,Desconocido,,,
limpiar techo cocina aluminio blanco,CLP,, --, --,Desconocido,,,
limpiar techo tabaco,CLP,, --, --,Desconocido,,,
limpieza de ventanas suelos paredes y techos,CLP,, --, --,Desconocido,,,
limpieza falso techo,CLP,, --, --,Desconocido,,,
precio cambiar tejado panel sandwich,CLP,, --, --,Desconocido,,,
precio colocacion pladur techo,CLP,, --, --,Desconocido,,,
precio de colocacion de ventilador de techo,CLP,, --, --,Desconocido,,,
precio reparar humedades,CLP,, --, --,Desconocido,,,
reparacion de cielorrasos de yeso,CLP,, --, --,Desconocido,,,
reparacion de cubiertas de chapa,CLP,, --, --,Desconocido,,,
reparacion de grietas en azotea,CLP,, --, --,Desconocido,,,
reparacion de techos de tejas zona norte,CLP,, --, --,Desconocido,,,
reparacion de techos parabolicos,CLP,, --, --,Desconocido,,,
reparacion de techos zona norte,CLP,, --, --,Desconocido,,,
reparacion techos chapa,CLP,, --, --,Desconocido,,,
reparar gotera claraboya,CLP,, --, --,Desconocido,,,
reparar goteras en lamina,CLP,, --, --,Desconocido,,,
reparar goteras tela asfaltica,CLP,, --, --,Desconocido,,,
reparar techo de pladur,CLP,, --, --,Desconocido,,,
reparar techo de tejas francesas,CLP,, --, --,Desconocido,,,
reparar terraza con goteras,CLP,, --, --,Desconocido,,,
reparar tirol techo,CLP,, --, --,Desconocido,,,
reparar uralita,CLP,, --, --,Desconocido,,,
tapar goteras en uralita,CLP,, --, --,Desconocido,,,
tejados cubiertas goteras,CLP,, --, --,Desconocido,,,
tejados goteras,CLP,, --, --,Desconocido,,,
tejados y goteras,CLP,, --, --,Desconocido,,,
reparar filtracion,CLP,, --, --,Desconocido,,,
